id,name,point1type,point1value,point2type,point2value,point3type,point3value,Point4Type,Point4Value,Point5Type,Point5Value,Point6Type,Point6Value,Point7Type,Point7Value,Point8Type,Point8Value,Point9Type,Point9Value,Point10Type,Point10Value,Point11Type,Point11Value,Point12Type,Point12Value,Point13Type,Point13Value,Point14Type,Point14Value,Point15Type,Point15Value,Point16Type,Point16Value,Point17Type,Point17Value,Point18Type,Point18Value,Point19Type,Point19Value,Point20Type,Point20Value,Point21Type,Point21Value,Point22Type,Point22Value,Point23Type,Point23Value,Point24Type,Point24Value,Point25Type,Point25Value,Point26Type,Point26Value,Point27Type,Point27Value,Point28Type,Point28Value,Point29Type,Point29Value,Point30Type,Point30Value,Point31Type,Point31Value,Point32Type,Point32Value,Point33Type,Point33Value,Point34Type,Point34Value,Point35Type,Point35Value,Point36Type,Point36Value,Point37Type,Point37Value,Point38Type,Point38Value,Point39Type,Point39Value,Point40Type,Point40Value,Point41Type,Point41Value,Point42Type,Point42Value
1,Ellipse,CenterX,75.2662,CenterY,52.4382,R1,41.1044,R2,8.93274,Orienation,1.37299,,,,,,,,,,,,,,,,,,,,,,,,,,,,,,,,,,,,,,,,,,,,,,,,,,,,,,,,,,,,,,,,,,,,,,,,,,
2,Polygon,X0,99.0342,Y0,484.418,X1,159.329,Y1,397.244,X2,196.08,Y2,178.622,X3,432.295,Y3,495.839,X4,394.642,Y4,451.267,X5,305.908,Y5,31.5028,X6,449.859,Y6,247.072,X7,26.2048,Y7,177.29,X8,209.024,Y8,43.889,X9,64.9987,Y9,474.661,X10,453.105,Y10,274.056,X11,369.999,Y11,386.11,X12,209.589,Y12,380.408,,,,,,,,,,,,,,,,,,,,,,,,,,,,,,,,
3,Equilateral Triangle,CenterX,418.916,CenterY,237.427,Side Length,74.9989,Orienation,0.906244,,,,,,,,,,,,,,,,,,,,,,,,,,,,,,,,,,,,,,,,,,,,,,,,,,,,,,,,,,,,,,,,,,,,,,,,,,,,
4,Ellipse,CenterX,398.575,CenterY,204.622,R1,4.18667,R2,45.2768,Orienation,3.3968,,,,,,,,,,,,,,,,,,,,,,,,,,,,,,,,,,,,,,,,,,,,,,,,,,,,,,,,,,,,,,,,,,,,,,,,,,
5,Square,CenterX,75.6112,CenterY,178.457,Side Length,30.9108,Orienation,3.71159,,,,,,,,,,,,,,,,,,,,,,,,,,,,,,,,,,,,,,,,,,,,,,,,,,,,,,,,,,,,,,,,,,,,,,,,,,,,
6,Square,CenterX,230.137,CenterY,278.885,Side Length,11.6964,Orienation,3.34837,,,,,,,,,,,,,,,,,,,,,,,,,,,,,,,,,,,,,,,,,,,,,,,,,,,,,,,,,,,,,,,,,,,,,,,,,,,,
7,Square,CenterX,144.616,CenterY,266.747,Side Length,48.245,Orienation,4.63942,,,,,,,,,,,,,,,,,,,,,,,,,,,,,,,,,,,,,,,,,,,,,,,,,,,,,,,,,,,,,,,,,,,,,,,,,,,,
8,Equilateral Triangle,CenterX,121.171,CenterY,322.612,Side Length,10.2537,Orienation,5.16514,,,,,,,,,,,,,,,,,,,,,,,,,,,,,,,,,,,,,,,,,,,,,,,,,,,,,,,,,,,,,,,,,,,,,,,,,,,,
9,Square,CenterX,33.5547,CenterY,488.302,Side Length,24.2786,Orienation,3.9099,,,,,,,,,,,,,,,,,,,,,,,,,,,,,,,,,,,,,,,,,,,,,,,,,,,,,,,,,,,,,,,,,,,,,,,,,,,,
10,Circle,CenterX,355.217,CenterY,188.842,Radius,35.0878,,,,,,,,,,,,,,,,,,,,,,,,,,,,,,,,,,,,,,,,,,,,,,,,,,,,,,,,,,,,,,,,,,,,,,,,,,,,,,
11,Ellipse,CenterX,209.354,CenterY,425.623,R1,10.0917,R2,7.9784,Orienation,4.29719,,,,,,,,,,,,,,,,,,,,,,,,,,,,,,,,,,,,,,,,,,,,,,,,,,,,,,,,,,,,,,,,,,,,,,,,,,
12,Ellipse,CenterX,81.6422,CenterY,4.49409,R1,13.0079,R2,45.6659,Orienation,3.8602,,,,,,,,,,,,,,,,,,,,,,,,,,,,,,,,,,,,,,,,,,,,,,,,,,,,,,,,,,,,,,,,,,,,,,,,,,
13,Ellipse,CenterX,91.6236,CenterY,438.541,R1,24.7381,R2,3.85945,Orienation,3.4965,,,,,,,,,,,,,,,,,,,,,,,,,,,,,,,,,,,,,,,,,,,,,,,,,,,,,,,,,,,,,,,,,,,,,,,,,,
14,Ellipse,CenterX,245.496,CenterY,423.89,R1,15.2302,R2,16.3262,Orienation,2.74582,,,,,,,,,,,,,,,,,,,,,,,,,,,,,,,,,,,,,,,,,,,,,,,,,,,,,,,,,,,,,,,,,,,,,,,,,,
15,Ellipse,CenterX,297.437,CenterY,112.861,R1,7.94208,R2,29.744,Orienation,6.06702,,,,,,,,,,,,,,,,,,,,,,,,,,,,,,,,,,,,,,,,,,,,,,,,,,,,,,,,,,,,,,,,,,,,,,,,,,
16,Ellipse,CenterX,234.365,CenterY,185.548,R1,30.4115,R2,3.35775,Orienation,0.444071,,,,,,,,,,,,,,,,,,,,,,,,,,,,,,,,,,,,,,,,,,,,,,,,,,,,,,,,,,,,,,,,,,,,,,,,,,
17,Circle,CenterX,339.107,CenterY,484.748,Radius,86.7344,,,,,,,,,,,,,,,,,,,,,,,,,,,,,,,,,,,,,,,,,,,,,,,,,,,,,,,,,,,,,,,,,,,,,,,,,,,,,,
18,Ellipse,CenterX,498.586,CenterY,157.487,R1,42.6062,R2,8.27187,Orienation,2.63987,,,,,,,,,,,,,,,,,,,,,,,,,,,,,,,,,,,,,,,,,,,,,,,,,,,,,,,,,,,,,,,,,,,,,,,,,,
19,Circle,CenterX,88.308,CenterY,330.806,Radius,41.7767,,,,,,,,,,,,,,,,,,,,,,,,,,,,,,,,,,,,,,,,,,,,,,,,,,,,,,,,,,,,,,,,,,,,,,,,,,,,,,
20,Equilateral Triangle,CenterX,276.595,CenterY,197.486,Side Length,83.5778,Orienation,0.870181,,,,,,,,,,,,,,,,,,,,,,,,,,,,,,,,,,,,,,,,,,,,,,,,,,,,,,,,,,,,,,,,,,,,,,,,,,,,
21,Ellipse,CenterX,21.6917,CenterY,95.7295,R1,35.7127,R2,27.352,Orienation,3.99223,,,,,,,,,,,,,,,,,,,,,,,,,,,,,,,,,,,,,,,,,,,,,,,,,,,,,,,,,,,,,,,,,,,,,,,,,,
22,Circle,CenterX,289.641,CenterY,1.08122,Radius,41.9892,,,,,,,,,,,,,,,,,,,,,,,,,,,,,,,,,,,,,,,,,,,,,,,,,,,,,,,,,,,,,,,,,,,,,,,,,,,,,,
23,Circle,CenterX,3.08079,CenterY,265.885,Radius,25.9844,,,,,,,,,,,,,,,,,,,,,,,,,,,,,,,,,,,,,,,,,,,,,,,,,,,,,,,,,,,,,,,,,,,,,,,,,,,,,,
24,Ellipse,CenterX,251.555,CenterY,453.336,R1,42.735,R2,36.3771,Orienation,1.32659,,,,,,,,,,,,,,,,,,,,,,,,,,,,,,,,,,,,,,,,,,,,,,,,,,,,,,,,,,,,,,,,,,,,,,,,,,
25,Ellipse,CenterX,401.386,CenterY,308.167,R1,11.9327,R2,1.01625,Orienation,3.97057,,,,,,,,,,,,,,,,,,,,,,,,,,,,,,,,,,,,,,,,,,,,,,,,,,,,,,,,,,,,,,,,,,,,,,,,,,
26,Ellipse,CenterX,45.0296,CenterY,472.522,R1,7.64634,R2,46.3675,Orienation,3.91157,,,,,,,,,,,,,,,,,,,,,,,,,,,,,,,,,,,,,,,,,,,,,,,,,,,,,,,,,,,,,,,,,,,,,,,,,,
27,Polygon,X0,489.117,Y0,419.037,X1,56.492,Y1,310.5,X2,389.121,Y2,356.043,X3,423.001,Y3,234.164,X4,383.372,Y4,266.605,X5,462.217,Y5,429.388,X6,86.1336,Y6,386.681,X7,92.3992,Y7,2.7096,X8,458.088,Y8,322.154,,,,,,,,,,,,,,,,,,,,,,,,,,,,,,,,,,,,,,,,,,,,,,,,
28,Equilateral Triangle,CenterX,86.7267,CenterY,49.3056,Side Length,75.3804,Orienation,3.05406,,,,,,,,,,,,,,,,,,,,,,,,,,,,,,,,,,,,,,,,,,,,,,,,,,,,,,,,,,,,,,,,,,,,,,,,,,,,
29,Polygon,X0,31.1469,Y0,164.823,X1,197.49,Y1,337.589,X2,279.702,Y2,393.558,X3,73.7303,Y3,89.384,X4,24.6439,Y4,15.6277,X5,452.187,Y5,223.131,X6,185.566,Y6,426.886,X7,266.439,Y7,31.5041,X8,224.301,Y8,218.204,X9,100.597,Y9,457.642,X10,453.717,Y10,159.291,X11,292.362,Y11,257.068,,,,,,,,,,,,,,,,,,,,,,,,,,,,,,,,,,,,
30,Circle,CenterX,482.539,CenterY,190.701,Radius,53.6056,,,,,,,,,,,,,,,,,,,,,,,,,,,,,,,,,,,,,,,,,,,,,,,,,,,,,,,,,,,,,,,,,,,,,,,,,,,,,,
31,Equilateral Triangle,CenterX,348.323,CenterY,407.141,Side Length,73.4621,Orienation,3.1369,,,,,,,,,,,,,,,,,,,,,,,,,,,,,,,,,,,,,,,,,,,,,,,,,,,,,,,,,,,,,,,,,,,,,,,,,,,,
32,Equilateral Triangle,CenterX,194.972,CenterY,228.828,Side Length,36.8574,Orienation,3.68835,,,,,,,,,,,,,,,,,,,,,,,,,,,,,,,,,,,,,,,,,,,,,,,,,,,,,,,,,,,,,,,,,,,,,,,,,,,,
33,Equilateral Triangle,CenterX,16.8183,CenterY,159.696,Side Length,18.8679,Orienation,1.75503,,,,,,,,,,,,,,,,,,,,,,,,,,,,,,,,,,,,,,,,,,,,,,,,,,,,,,,,,,,,,,,,,,,,,,,,,,,,
34,Square,CenterX,129.137,CenterY,50.5843,Side Length,79.4793,Orienation,6.22556,,,,,,,,,,,,,,,,,,,,,,,,,,,,,,,,,,,,,,,,,,,,,,,,,,,,,,,,,,,,,,,,,,,,,,,,,,,,
35,Equilateral Triangle,CenterX,386.54,CenterY,498.966,Side Length,66.0799,Orienation,2.06416,,,,,,,,,,,,,,,,,,,,,,,,,,,,,,,,,,,,,,,,,,,,,,,,,,,,,,,,,,,,,,,,,,,,,,,,,,,,
36,Equilateral Triangle,CenterX,122.354,CenterY,264.748,Side Length,95.155,Orienation,0.245536,,,,,,,,,,,,,,,,,,,,,,,,,,,,,,,,,,,,,,,,,,,,,,,,,,,,,,,,,,,,,,,,,,,,,,,,,,,,
37,Ellipse,CenterX,482.173,CenterY,369.534,R1,12.8483,R2,21.1719,Orienation,0.809983,,,,,,,,,,,,,,,,,,,,,,,,,,,,,,,,,,,,,,,,,,,,,,,,,,,,,,,,,,,,,,,,,,,,,,,,,,
38,Ellipse,CenterX,428.235,CenterY,123.333,R1,1.94778,R2,43.082,Orienation,5.13533,,,,,,,,,,,,,,,,,,,,,,,,,,,,,,,,,,,,,,,,,,,,,,,,,,,,,,,,,,,,,,,,,,,,,,,,,,
39,Circle,CenterX,288.068,CenterY,393.058,Radius,41.7453,,,,,,,,,,,,,,,,,,,,,,,,,,,,,,,,,,,,,,,,,,,,,,,,,,,,,,,,,,,,,,,,,,,,,,,,,,,,,,
40,Circle,CenterX,417.036,CenterY,197.626,Radius,77.9536,,,,,,,,,,,,,,,,,,,,,,,,,,,,,,,,,,,,,,,,,,,,,,,,,,,,,,,,,,,,,,,,,,,,,,,,,,,,,,
41,Equilateral Triangle,CenterX,23.3697,CenterY,5.93203,Side Length,84.8471,Orienation,4.43481,,,,,,,,,,,,,,,,,,,,,,,,,,,,,,,,,,,,,,,,,,,,,,,,,,,,,,,,,,,,,,,,,,,,,,,,,,,,
42,Equilateral Triangle,CenterX,171.824,CenterY,488.205,Side Length,53.3173,Orienation,4.49303,,,,,,,,,,,,,,,,,,,,,,,,,,,,,,,,,,,,,,,,,,,,,,,,,,,,,,,,,,,,,,,,,,,,,,,,,,,,
43,Ellipse,CenterX,10.447,CenterY,205.687,R1,22.7305,R2,29.5484,Orienation,4.70808,,,,,,,,,,,,,,,,,,,,,,,,,,,,,,,,,,,,,,,,,,,,,,,,,,,,,,,,,,,,,,,,,,,,,,,,,,
44,Circle,CenterX,206.057,CenterY,385.509,Radius,96.3541,,,,,,,,,,,,,,,,,,,,,,,,,,,,,,,,,,,,,,,,,,,,,,,,,,,,,,,,,,,,,,,,,,,,,,,,,,,,,,
45,Ellipse,CenterX,193.738,CenterY,86.0676,R1,32.0362,R2,43.0197,Orienation,0.4537,,,,,,,,,,,,,,,,,,,,,,,,,,,,,,,,,,,,,,,,,,,,,,,,,,,,,,,,,,,,,,,,,,,,,,,,,,
46,Equilateral Triangle,CenterX,130.732,CenterY,260.486,Side Length,25.948,Orienation,6.13236,,,,,,,,,,,,,,,,,,,,,,,,,,,,,,,,,,,,,,,,,,,,,,,,,,,,,,,,,,,,,,,,,,,,,,,,,,,,
47,Circle,CenterX,449.307,CenterY,420.357,Radius,67.7545,,,,,,,,,,,,,,,,,,,,,,,,,,,,,,,,,,,,,,,,,,,,,,,,,,,,,,,,,,,,,,,,,,,,,,,,,,,,,,
48,Polygon,X0,104.696,Y0,151.118,X1,271.082,Y1,463.404,X2,154.651,Y2,408.282,X3,92.2549,Y3,202.203,X4,374.821,Y4,423.798,X5,31.7489,Y5,405.814,X6,406.011,Y6,314.246,,,,,,,,,,,,,,,,,,,,,,,,,,,,,,,,,,,,,,,,,,,,,,,,,,,,,,,,
49,Square,CenterX,285.704,CenterY,89.781,Side Length,21.6068,Orienation,5.82353,,,,,,,,,,,,,,,,,,,,,,,,,,,,,,,,,,,,,,,,,,,,,,,,,,,,,,,,,,,,,,,,,,,,,,,,,,,,
50,Circle,CenterX,115.381,CenterY,499.059,Radius,79.8352,,,,,,,,,,,,,,,,,,,,,,,,,,,,,,,,,,,,,,,,,,,,,,,,,,,,,,,,,,,,,,,,,,,,,,,,,,,,,,
51,Equilateral Triangle,CenterX,200.466,CenterY,59.5899,Side Length,95.5431,Orienation,3.77298,,,,,,,,,,,,,,,,,,,,,,,,,,,,,,,,,,,,,,,,,,,,,,,,,,,,,,,,,,,,,,,,,,,,,,,,,,,,
52,Ellipse,CenterX,409.486,CenterY,125.917,R1,16.665,R2,34.7497,Orienation,5.95401,,,,,,,,,,,,,,,,,,,,,,,,,,,,,,,,,,,,,,,,,,,,,,,,,,,,,,,,,,,,,,,,,,,,,,,,,,
53,Ellipse,CenterX,272.766,CenterY,143.203,R1,48.6462,R2,45.3565,Orienation,1.12375,,,,,,,,,,,,,,,,,,,,,,,,,,,,,,,,,,,,,,,,,,,,,,,,,,,,,,,,,,,,,,,,,,,,,,,,,,
54,Circle,CenterX,166.326,CenterY,224.109,Radius,74.2904,,,,,,,,,,,,,,,,,,,,,,,,,,,,,,,,,,,,,,,,,,,,,,,,,,,,,,,,,,,,,,,,,,,,,,,,,,,,,,
55,Circle,CenterX,272.704,CenterY,394.057,Radius,89.2947,,,,,,,,,,,,,,,,,,,,,,,,,,,,,,,,,,,,,,,,,,,,,,,,,,,,,,,,,,,,,,,,,,,,,,,,,,,,,,
56,Circle,CenterX,235.326,CenterY,137.897,Radius,63.0126,,,,,,,,,,,,,,,,,,,,,,,,,,,,,,,,,,,,,,,,,,,,,,,,,,,,,,,,,,,,,,,,,,,,,,,,,,,,,,
57,Square,CenterX,187.572,CenterY,464.617,Side Length,92.686,Orienation,2.60123,,,,,,,,,,,,,,,,,,,,,,,,,,,,,,,,,,,,,,,,,,,,,,,,,,,,,,,,,,,,,,,,,,,,,,,,,,,,
58,Equilateral Triangle,CenterX,185.751,CenterY,311.181,Side Length,92.7867,Orienation,5.78022,,,,,,,,,,,,,,,,,,,,,,,,,,,,,,,,,,,,,,,,,,,,,,,,,,,,,,,,,,,,,,,,,,,,,,,,,,,,
59,Ellipse,CenterX,286.182,CenterY,73.8301,R1,10.625,R2,20.6022,Orienation,4.22025,,,,,,,,,,,,,,,,,,,,,,,,,,,,,,,,,,,,,,,,,,,,,,,,,,,,,,,,,,,,,,,,,,,,,,,,,,
60,Equilateral Triangle,CenterX,430.884,CenterY,253.991,Side Length,3.85473,Orienation,3.97777,,,,,,,,,,,,,,,,,,,,,,,,,,,,,,,,,,,,,,,,,,,,,,,,,,,,,,,,,,,,,,,,,,,,,,,,,,,,
61,Ellipse,CenterX,312.301,CenterY,143.274,R1,49.6417,R2,17.1876,Orienation,1.232,,,,,,,,,,,,,,,,,,,,,,,,,,,,,,,,,,,,,,,,,,,,,,,,,,,,,,,,,,,,,,,,,,,,,,,,,,
62,Polygon,X0,71.034,Y0,62.5623,X1,362.703,Y1,4.0107,X2,287.116,Y2,273.633,X3,407.86,Y3,55.7884,X4,491.625,Y4,198.377,X5,55.8809,Y5,418.376,X6,404.429,Y6,290.914,,,,,,,,,,,,,,,,,,,,,,,,,,,,,,,,,,,,,,,,,,,,,,,,,,,,,,,,
63,Polygon,X0,206.515,Y0,216.326,X1,297.744,Y1,153.145,X2,112.236,Y2,250.322,,,,,,,,,,,,,,,,,,,,,,,,,,,,,,,,,,,,,,,,,,,,,,,,,,,,,,,,,,,,,,,,,,,,,,,,
64,Polygon,X0,50.6091,Y0,199.546,X1,196.84,Y1,356.057,X2,280.839,Y2,379.598,X3,302.555,Y3,342.857,X4,285.81,Y4,310.77,X5,81.1499,Y5,254.175,X6,102.11,Y6,103.234,,,,,,,,,,,,,,,,,,,,,,,,,,,,,,,,,,,,,,,,,,,,,,,,,,,,,,,,
65,Ellipse,CenterX,269.185,CenterY,228.601,R1,4.13258,R2,38.5837,Orienation,0.152538,,,,,,,,,,,,,,,,,,,,,,,,,,,,,,,,,,,,,,,,,,,,,,,,,,,,,,,,,,,,,,,,,,,,,,,,,,
66,Ellipse,CenterX,326.606,CenterY,359.929,R1,44.9262,R2,23.6343,Orienation,1.73825,,,,,,,,,,,,,,,,,,,,,,,,,,,,,,,,,,,,,,,,,,,,,,,,,,,,,,,,,,,,,,,,,,,,,,,,,,
67,Circle,CenterX,252.046,CenterY,83.2885,Radius,79.5959,,,,,,,,,,,,,,,,,,,,,,,,,,,,,,,,,,,,,,,,,,,,,,,,,,,,,,,,,,,,,,,,,,,,,,,,,,,,,,
68,Equilateral Triangle,CenterX,216.848,CenterY,114.55,Side Length,30.6018,Orienation,5.61528,,,,,,,,,,,,,,,,,,,,,,,,,,,,,,,,,,,,,,,,,,,,,,,,,,,,,,,,,,,,,,,,,,,,,,,,,,,,
69,Polygon,X0,336.001,Y0,357.385,X1,424.538,Y1,153.899,X2,353.68,Y2,208.889,X3,181.892,Y3,122.319,X4,57.5484,Y4,142.037,X5,247.095,Y5,266.663,X6,192.309,Y6,110.283,X7,106.886,Y7,236.094,X8,468.195,Y8,110.058,X9,383.928,Y9,26.2937,X10,368.345,Y10,389.997,X11,284.402,Y11,86.2092,X12,163.645,Y12,374.011,X13,199.77,Y13,318.257,X14,349.695,Y14,348.075,X15,470.05,Y15,345.818,X16,113.861,Y16,392.867,X17,173.801,Y17,447.499,X18,388.517,Y18,313.338,,,,,,,,
70,Circle,CenterX,210.501,CenterY,229.992,Radius,96.5941,,,,,,,,,,,,,,,,,,,,,,,,,,,,,,,,,,,,,,,,,,,,,,,,,,,,,,,,,,,,,,,,,,,,,,,,,,,,,,
71,Equilateral Triangle,CenterX,3.23339,CenterY,102.932,Side Length,33.27,Orienation,2.00017,,,,,,,,,,,,,,,,,,,,,,,,,,,,,,,,,,,,,,,,,,,,,,,,,,,,,,,,,,,,,,,,,,,,,,,,,,,,
72,Ellipse,CenterX,3.61925,CenterY,418.366,R1,41.6916,R2,2.19136,Orienation,0.653144,,,,,,,,,,,,,,,,,,,,,,,,,,,,,,,,,,,,,,,,,,,,,,,,,,,,,,,,,,,,,,,,,,,,,,,,,,
73,Polygon,X0,435.267,Y0,345.25,X1,323.868,Y1,489.892,X2,256.756,Y2,4.08406,X3,299.229,Y3,472.193,X4,249.194,Y4,345.872,,,,,,,,,,,,,,,,,,,,,,,,,,,,,,,,,,,,,,,,,,,,,,,,,,,,,,,,,,,,,,,,
74,Ellipse,CenterX,185.709,CenterY,427.833,R1,23.7524,R2,0.78116,Orienation,1.89057,,,,,,,,,,,,,,,,,,,,,,,,,,,,,,,,,,,,,,,,,,,,,,,,,,,,,,,,,,,,,,,,,,,,,,,,,,
75,Polygon,X0,121.355,Y0,179.723,X1,192.101,Y1,293.56,X2,197.949,Y2,44.1867,X3,234.617,Y3,150.053,X4,153.388,Y4,367.639,X5,21.9158,Y5,294.863,X6,361.091,Y6,205.465,X7,172.169,Y7,272.264,X8,403.834,Y8,132.087,X9,370.119,Y9,397.374,X10,127.989,Y10,206.096,X11,445.548,Y11,242.488,,,,,,,,,,,,,,,,,,,,,,,,,,,,,,,,,,,,
76,Ellipse,CenterX,274.66,CenterY,351.308,R1,35.8374,R2,44.6054,Orienation,4.90503,,,,,,,,,,,,,,,,,,,,,,,,,,,,,,,,,,,,,,,,,,,,,,,,,,,,,,,,,,,,,,,,,,,,,,,,,,
77,Polygon,X0,413.983,Y0,163.165,X1,14.3436,Y1,374.142,X2,342.501,Y2,444.965,X3,435.673,Y3,474.95,X4,111.544,Y4,97.7801,X5,385.641,Y5,416.228,X6,57.9058,Y6,324.071,X7,355.352,Y7,489.41,X8,368.615,Y8,32.0938,X9,41.9701,Y9,31.5092,X10,489.077,Y10,297.901,X11,252.577,Y11,55.6981,X12,218.242,Y12,37.521,X13,329.174,Y13,206.549,X14,161.214,Y14,253.967,X15,335.444,Y15,385.966,X16,132.2,Y16,163.21,X17,391.128,Y17,151.016,X18,13.6194,Y18,485.983,X19,142.203,Y19,201.907,,,,
78,Ellipse,CenterX,356.323,CenterY,368.126,R1,12.0874,R2,16.3447,Orienation,1.48595,,,,,,,,,,,,,,,,,,,,,,,,,,,,,,,,,,,,,,,,,,,,,,,,,,,,,,,,,,,,,,,,,,,,,,,,,,
79,Equilateral Triangle,CenterX,308.478,CenterY,32.0705,Side Length,68.552,Orienation,1.21137,,,,,,,,,,,,,,,,,,,,,,,,,,,,,,,,,,,,,,,,,,,,,,,,,,,,,,,,,,,,,,,,,,,,,,,,,,,,
80,Equilateral Triangle,CenterX,175.913,CenterY,436.922,Side Length,88.0962,Orienation,0.439616,,,,,,,,,,,,,,,,,,,,,,,,,,,,,,,,,,,,,,,,,,,,,,,,,,,,,,,,,,,,,,,,,,,,,,,,,,,,
81,Polygon,X0,263.212,Y0,101.394,X1,214.93,Y1,480.508,X2,490.202,Y2,345.893,X3,102.325,Y3,307.806,X4,366.549,Y4,370.447,X5,248.957,Y5,168.232,X6,16.2976,Y6,259.874,X7,171.29,Y7,374.571,X8,26.5186,Y8,193.375,X9,332.487,Y9,217.04,X10,146.473,Y10,315,X11,361.821,Y11,346.119,X12,496.175,Y12,340.231,X13,495.964,Y13,441.635,X14,359.698,Y14,80.8867,X15,298.637,Y15,39.2238,X16,326.089,Y16,189.841,X17,128.373,Y17,288.242,X18,8.92511,Y18,491.483,,,,,,,,
82,Equilateral Triangle,CenterX,196.992,CenterY,467.357,Side Length,13.2965,Orienation,4.57608,,,,,,,,,,,,,,,,,,,,,,,,,,,,,,,,,,,,,,,,,,,,,,,,,,,,,,,,,,,,,,,,,,,,,,,,,,,,
83,Circle,CenterX,200.882,CenterY,498.673,Radius,24.8691,,,,,,,,,,,,,,,,,,,,,,,,,,,,,,,,,,,,,,,,,,,,,,,,,,,,,,,,,,,,,,,,,,,,,,,,,,,,,,
84,Equilateral Triangle,CenterX,134.905,CenterY,8.7905,Side Length,54.8202,Orienation,1.68702,,,,,,,,,,,,,,,,,,,,,,,,,,,,,,,,,,,,,,,,,,,,,,,,,,,,,,,,,,,,,,,,,,,,,,,,,,,,
85,Ellipse,CenterX,14.4511,CenterY,474.286,R1,36.2444,R2,26.5905,Orienation,1.4837,,,,,,,,,,,,,,,,,,,,,,,,,,,,,,,,,,,,,,,,,,,,,,,,,,,,,,,,,,,,,,,,,,,,,,,,,,
86,Circle,CenterX,45.4428,CenterY,120.228,Radius,45.6092,,,,,,,,,,,,,,,,,,,,,,,,,,,,,,,,,,,,,,,,,,,,,,,,,,,,,,,,,,,,,,,,,,,,,,,,,,,,,,
87,Ellipse,CenterX,224.02,CenterY,277.017,R1,30.1995,R2,45.949,Orienation,4.79347,,,,,,,,,,,,,,,,,,,,,,,,,,,,,,,,,,,,,,,,,,,,,,,,,,,,,,,,,,,,,,,,,,,,,,,,,,
88,Circle,CenterX,356.132,CenterY,307.431,Radius,57.8859,,,,,,,,,,,,,,,,,,,,,,,,,,,,,,,,,,,,,,,,,,,,,,,,,,,,,,,,,,,,,,,,,,,,,,,,,,,,,,
89,Circle,CenterX,363.47,CenterY,287.918,Radius,75.1684,,,,,,,,,,,,,,,,,,,,,,,,,,,,,,,,,,,,,,,,,,,,,,,,,,,,,,,,,,,,,,,,,,,,,,,,,,,,,,
90,Polygon,X0,290.834,Y0,294.307,X1,224.952,Y1,134.94,X2,4.93032,Y2,148.453,X3,152.682,Y3,156.151,X4,111.177,Y4,332.655,X5,293.336,Y5,455.888,X6,99.4089,Y6,107.035,,,,,,,,,,,,,,,,,,,,,,,,,,,,,,,,,,,,,,,,,,,,,,,,,,,,,,,,
91,Circle,CenterX,321.892,CenterY,290.29,Radius,15.5773,,,,,,,,,,,,,,,,,,,,,,,,,,,,,,,,,,,,,,,,,,,,,,,,,,,,,,,,,,,,,,,,,,,,,,,,,,,,,,
92,Square,CenterX,369.229,CenterY,302.304,Side Length,49.4999,Orienation,0.650222,,,,,,,,,,,,,,,,,,,,,,,,,,,,,,,,,,,,,,,,,,,,,,,,,,,,,,,,,,,,,,,,,,,,,,,,,,,,
93,Circle,CenterX,413.501,CenterY,200.487,Radius,55.4131,,,,,,,,,,,,,,,,,,,,,,,,,,,,,,,,,,,,,,,,,,,,,,,,,,,,,,,,,,,,,,,,,,,,,,,,,,,,,,
94,Ellipse,CenterX,467.479,CenterY,142.641,R1,31.2386,R2,44.3482,Orienation,2.47046,,,,,,,,,,,,,,,,,,,,,,,,,,,,,,,,,,,,,,,,,,,,,,,,,,,,,,,,,,,,,,,,,,,,,,,,,,
95,Square,CenterX,376.824,CenterY,133.883,Side Length,35.9334,Orienation,4.37239,,,,,,,,,,,,,,,,,,,,,,,,,,,,,,,,,,,,,,,,,,,,,,,,,,,,,,,,,,,,,,,,,,,,,,,,,,,,
96,Ellipse,CenterX,134.017,CenterY,344.795,R1,9.57674,R2,37.0225,Orienation,3.22748,,,,,,,,,,,,,,,,,,,,,,,,,,,,,,,,,,,,,,,,,,,,,,,,,,,,,,,,,,,,,,,,,,,,,,,,,,
97,Circle,CenterX,100.218,CenterY,193.063,Radius,27.453,,,,,,,,,,,,,,,,,,,,,,,,,,,,,,,,,,,,,,,,,,,,,,,,,,,,,,,,,,,,,,,,,,,,,,,,,,,,,,
98,Polygon,X0,373.104,Y0,202.557,X1,307.712,Y1,27.8858,X2,492.006,Y2,11.3428,X3,114.91,Y3,38.494,X4,58.4576,Y4,148.019,X5,26.8888,Y5,277.949,X6,250.84,Y6,187.185,X7,404.189,Y7,272.361,X8,276.165,Y8,277.686,X9,50.1894,Y9,115.412,X10,394.867,Y10,493.899,X11,386.927,Y11,194.507,X12,409.715,Y12,479.928,X13,35.5984,Y13,310.969,X14,444.748,Y14,60.2195,,,,,,,,,,,,,,,,,,,,,,,,
99,Ellipse,CenterX,10.5718,CenterY,445.954,R1,33.4997,R2,7.062,Orienation,4.79843,,,,,,,,,,,,,,,,,,,,,,,,,,,,,,,,,,,,,,,,,,,,,,,,,,,,,,,,,,,,,,,,,,,,,,,,,,
100,Circle,CenterX,287.748,CenterY,454.647,Radius,53.9992,,,,,,,,,,,,,,,,,,,,,,,,,,,,,,,,,,,,,,,,,,,,,,,,,,,,,,,,,,,,,,,,,,,,,,,,,,,,,,
101,Ellipse,CenterX,352.942,CenterY,73.7791,R1,34.317,R2,19.1302,Orienation,1.93069,,,,,,,,,,,,,,,,,,,,,,,,,,,,,,,,,,,,,,,,,,,,,,,,,,,,,,,,,,,,,,,,,,,,,,,,,,
102,Circle,CenterX,164.907,CenterY,242.851,Radius,31.2703,,,,,,,,,,,,,,,,,,,,,,,,,,,,,,,,,,,,,,,,,,,,,,,,,,,,,,,,,,,,,,,,,,,,,,,,,,,,,,
103,Circle,CenterX,178.077,CenterY,430.599,Radius,96.1507,,,,,,,,,,,,,,,,,,,,,,,,,,,,,,,,,,,,,,,,,,,,,,,,,,,,,,,,,,,,,,,,,,,,,,,,,,,,,,
104,Equilateral Triangle,CenterX,464.188,CenterY,313.494,Side Length,10.222,Orienation,5.58569,,,,,,,,,,,,,,,,,,,,,,,,,,,,,,,,,,,,,,,,,,,,,,,,,,,,,,,,,,,,,,,,,,,,,,,,,,,,
105,Square,CenterX,156.397,CenterY,418.649,Side Length,68.418,Orienation,3.98451,,,,,,,,,,,,,,,,,,,,,,,,,,,,,,,,,,,,,,,,,,,,,,,,,,,,,,,,,,,,,,,,,,,,,,,,,,,,
106,Circle,CenterX,169.732,CenterY,335.074,Radius,24.6753,,,,,,,,,,,,,,,,,,,,,,,,,,,,,,,,,,,,,,,,,,,,,,,,,,,,,,,,,,,,,,,,,,,,,,,,,,,,,,
107,Square,CenterX,229.309,CenterY,373.598,Side Length,36.672,Orienation,2.47306,,,,,,,,,,,,,,,,,,,,,,,,,,,,,,,,,,,,,,,,,,,,,,,,,,,,,,,,,,,,,,,,,,,,,,,,,,,,
108,Ellipse,CenterX,44.0102,CenterY,203.614,R1,6.1296,R2,23.82,Orienation,3.09087,,,,,,,,,,,,,,,,,,,,,,,,,,,,,,,,,,,,,,,,,,,,,,,,,,,,,,,,,,,,,,,,,,,,,,,,,,
109,Equilateral Triangle,CenterX,299.129,CenterY,355.153,Side Length,67.1212,Orienation,0.340868,,,,,,,,,,,,,,,,,,,,,,,,,,,,,,,,,,,,,,,,,,,,,,,,,,,,,,,,,,,,,,,,,,,,,,,,,,,,
110,Square,CenterX,264.935,CenterY,85.1445,Side Length,36.9751,Orienation,0.203254,,,,,,,,,,,,,,,,,,,,,,,,,,,,,,,,,,,,,,,,,,,,,,,,,,,,,,,,,,,,,,,,,,,,,,,,,,,,
111,Ellipse,CenterX,490.173,CenterY,230.884,R1,44.5149,R2,7.29364,Orienation,4.22023,,,,,,,,,,,,,,,,,,,,,,,,,,,,,,,,,,,,,,,,,,,,,,,,,,,,,,,,,,,,,,,,,,,,,,,,,,
112,Equilateral Triangle,CenterX,254.35,CenterY,240.728,Side Length,23.4006,Orienation,2.9927,,,,,,,,,,,,,,,,,,,,,,,,,,,,,,,,,,,,,,,,,,,,,,,,,,,,,,,,,,,,,,,,,,,,,,,,,,,,
113,Circle,CenterX,180.702,CenterY,72.5493,Radius,72.7107,,,,,,,,,,,,,,,,,,,,,,,,,,,,,,,,,,,,,,,,,,,,,,,,,,,,,,,,,,,,,,,,,,,,,,,,,,,,,,
114,Polygon,X0,110.961,Y0,5.00427,X1,33.03,Y1,226.549,X2,11.4193,Y2,60.3535,X3,258.621,Y3,46.4017,X4,465.988,Y4,455.124,X5,113.971,Y5,386.11,X6,16.5096,Y6,94.2762,X7,436.953,Y7,44.168,X8,163.847,Y8,9.06769,X9,24.6048,Y9,128.758,X10,150.541,Y10,9.11127,X11,294.779,Y11,155.356,X12,15.3014,Y12,30.2224,X13,114.181,Y13,286.977,X14,447.449,Y14,41.5105,X15,463.43,Y15,388.602,X16,269.506,Y16,144.107,X17,497.955,Y17,109.954,X18,327.346,Y18,121.305,X19,250.752,Y19,177.314,,,,
115,Polygon,X0,399.313,Y0,414.626,X1,293.384,Y1,410.194,X2,168.606,Y2,467.186,X3,28.8435,Y3,5.97762,X4,422.932,Y4,67.846,X5,468.359,Y5,133.784,X6,136.722,Y6,358.421,X7,292.232,Y7,321.804,X8,43.3257,Y8,45.7783,X9,375.981,Y9,397.24,X10,435.758,Y10,183.585,X11,283.801,Y11,113.277,X12,58.0238,Y12,300.954,,,,,,,,,,,,,,,,,,,,,,,,,,,,,,,,
116,Circle,CenterX,422.449,CenterY,174.96,Radius,45.3883,,,,,,,,,,,,,,,,,,,,,,,,,,,,,,,,,,,,,,,,,,,,,,,,,,,,,,,,,,,,,,,,,,,,,,,,,,,,,,
117,Circle,CenterX,462.54,CenterY,273.014,Radius,69.3503,,,,,,,,,,,,,,,,,,,,,,,,,,,,,,,,,,,,,,,,,,,,,,,,,,,,,,,,,,,,,,,,,,,,,,,,,,,,,,
118,Ellipse,CenterX,87.6454,CenterY,396.138,R1,26.6079,R2,19.8262,Orienation,1.27791,,,,,,,,,,,,,,,,,,,,,,,,,,,,,,,,,,,,,,,,,,,,,,,,,,,,,,,,,,,,,,,,,,,,,,,,,,
119,Circle,CenterX,141.805,CenterY,476.744,Radius,48.1828,,,,,,,,,,,,,,,,,,,,,,,,,,,,,,,,,,,,,,,,,,,,,,,,,,,,,,,,,,,,,,,,,,,,,,,,,,,,,,
120,Polygon,X0,272.549,Y0,483.122,X1,391.044,Y1,480.276,X2,353.943,Y2,497.229,X3,175.191,Y3,183.419,X4,164.582,Y4,381.715,X5,402.882,Y5,18.1585,X6,298.734,Y6,228.816,X7,193.141,Y7,194.272,X8,492.056,Y8,181.894,X9,178.85,Y9,77.9084,X10,387.248,Y10,182.714,X11,331.497,Y11,367.463,X12,122.209,Y12,499.578,X13,289.131,Y13,159.257,X14,317.108,Y14,412.208,X15,315.866,Y15,387.82,X16,346.005,Y16,157.838,X17,311.728,Y17,101.038,,,,,,,,,,,,
121,Circle,CenterX,190.252,CenterY,33.1074,Radius,31.8313,,,,,,,,,,,,,,,,,,,,,,,,,,,,,,,,,,,,,,,,,,,,,,,,,,,,,,,,,,,,,,,,,,,,,,,,,,,,,,
122,Equilateral Triangle,CenterX,295.444,CenterY,492.933,Side Length,52.4185,Orienation,0.52185,,,,,,,,,,,,,,,,,,,,,,,,,,,,,,,,,,,,,,,,,,,,,,,,,,,,,,,,,,,,,,,,,,,,,,,,,,,,
123,Equilateral Triangle,CenterX,73.079,CenterY,483.008,Side Length,80.1953,Orienation,0.764067,,,,,,,,,,,,,,,,,,,,,,,,,,,,,,,,,,,,,,,,,,,,,,,,,,,,,,,,,,,,,,,,,,,,,,,,,,,,
124,Equilateral Triangle,CenterX,166.878,CenterY,252.896,Side Length,23.4634,Orienation,0.0707253,,,,,,,,,,,,,,,,,,,,,,,,,,,,,,,,,,,,,,,,,,,,,,,,,,,,,,,,,,,,,,,,,,,,,,,,,,,,
125,Circle,CenterX,417.43,CenterY,342.182,Radius,30.8366,,,,,,,,,,,,,,,,,,,,,,,,,,,,,,,,,,,,,,,,,,,,,,,,,,,,,,,,,,,,,,,,,,,,,,,,,,,,,,
126,Equilateral Triangle,CenterX,369.473,CenterY,237.999,Side Length,72.8919,Orienation,3.55268,,,,,,,,,,,,,,,,,,,,,,,,,,,,,,,,,,,,,,,,,,,,,,,,,,,,,,,,,,,,,,,,,,,,,,,,,,,,
127,Square,CenterX,109.886,CenterY,327.981,Side Length,16.8614,Orienation,0.177383,,,,,,,,,,,,,,,,,,,,,,,,,,,,,,,,,,,,,,,,,,,,,,,,,,,,,,,,,,,,,,,,,,,,,,,,,,,,
128,Circle,CenterX,255.277,CenterY,348.969,Radius,32.4451,,,,,,,,,,,,,,,,,,,,,,,,,,,,,,,,,,,,,,,,,,,,,,,,,,,,,,,,,,,,,,,,,,,,,,,,,,,,,,
129,Square,CenterX,82.1786,CenterY,472.821,Side Length,66.0009,Orienation,5.6918,,,,,,,,,,,,,,,,,,,,,,,,,,,,,,,,,,,,,,,,,,,,,,,,,,,,,,,,,,,,,,,,,,,,,,,,,,,,
130,Polygon,X0,449.957,Y0,198.591,X1,91.0258,Y1,345.347,X2,417.33,Y2,432.301,X3,16.7784,Y3,165.719,,,,,,,,,,,,,,,,,,,,,,,,,,,,,,,,,,,,,,,,,,,,,,,,,,,,,,,,,,,,,,,,,,,,
131,Circle,CenterX,274.747,CenterY,228.877,Radius,24.9032,,,,,,,,,,,,,,,,,,,,,,,,,,,,,,,,,,,,,,,,,,,,,,,,,,,,,,,,,,,,,,,,,,,,,,,,,,,,,,
132,Square,CenterX,379.464,CenterY,69.4286,Side Length,57.0472,Orienation,0.00871204,,,,,,,,,,,,,,,,,,,,,,,,,,,,,,,,,,,,,,,,,,,,,,,,,,,,,,,,,,,,,,,,,,,,,,,,,,,,
133,Circle,CenterX,407.669,CenterY,367.342,Radius,1.22661,,,,,,,,,,,,,,,,,,,,,,,,,,,,,,,,,,,,,,,,,,,,,,,,,,,,,,,,,,,,,,,,,,,,,,,,,,,,,,
134,Ellipse,CenterX,292.106,CenterY,42.9722,R1,19.4414,R2,26.4183,Orienation,5.22428,,,,,,,,,,,,,,,,,,,,,,,,,,,,,,,,,,,,,,,,,,,,,,,,,,,,,,,,,,,,,,,,,,,,,,,,,,
135,Circle,CenterX,344.314,CenterY,198.714,Radius,50.5088,,,,,,,,,,,,,,,,,,,,,,,,,,,,,,,,,,,,,,,,,,,,,,,,,,,,,,,,,,,,,,,,,,,,,,,,,,,,,,
136,Circle,CenterX,441.71,CenterY,326.066,Radius,99.2243,,,,,,,,,,,,,,,,,,,,,,,,,,,,,,,,,,,,,,,,,,,,,,,,,,,,,,,,,,,,,,,,,,,,,,,,,,,,,,
137,Equilateral Triangle,CenterX,365.411,CenterY,47.1774,Side Length,83.7416,Orienation,5.19782,,,,,,,,,,,,,,,,,,,,,,,,,,,,,,,,,,,,,,,,,,,,,,,,,,,,,,,,,,,,,,,,,,,,,,,,,,,,
138,Equilateral Triangle,CenterX,109.754,CenterY,222.997,Side Length,99.9668,Orienation,4.55927,,,,,,,,,,,,,,,,,,,,,,,,,,,,,,,,,,,,,,,,,,,,,,,,,,,,,,,,,,,,,,,,,,,,,,,,,,,,
139,Square,CenterX,18.8793,CenterY,53.2584,Side Length,47.0227,Orienation,1.23424,,,,,,,,,,,,,,,,,,,,,,,,,,,,,,,,,,,,,,,,,,,,,,,,,,,,,,,,,,,,,,,,,,,,,,,,,,,,
140,Square,CenterX,251.902,CenterY,15.9619,Side Length,45.1386,Orienation,3.49703,,,,,,,,,,,,,,,,,,,,,,,,,,,,,,,,,,,,,,,,,,,,,,,,,,,,,,,,,,,,,,,,,,,,,,,,,,,,
141,Equilateral Triangle,CenterX,243.099,CenterY,403.587,Side Length,46.6038,Orienation,3.05528,,,,,,,,,,,,,,,,,,,,,,,,,,,,,,,,,,,,,,,,,,,,,,,,,,,,,,,,,,,,,,,,,,,,,,,,,,,,
142,Equilateral Triangle,CenterX,272.834,CenterY,325.129,Side Length,1.63632,Orienation,1.41072,,,,,,,,,,,,,,,,,,,,,,,,,,,,,,,,,,,,,,,,,,,,,,,,,,,,,,,,,,,,,,,,,,,,,,,,,,,,
143,Square,CenterX,109.257,CenterY,243.987,Side Length,90.4576,Orienation,3.35773,,,,,,,,,,,,,,,,,,,,,,,,,,,,,,,,,,,,,,,,,,,,,,,,,,,,,,,,,,,,,,,,,,,,,,,,,,,,
144,Circle,CenterX,122.671,CenterY,447.875,Radius,2.66358,,,,,,,,,,,,,,,,,,,,,,,,,,,,,,,,,,,,,,,,,,,,,,,,,,,,,,,,,,,,,,,,,,,,,,,,,,,,,,
145,Square,CenterX,168.475,CenterY,159.385,Side Length,84.551,Orienation,0.10848,,,,,,,,,,,,,,,,,,,,,,,,,,,,,,,,,,,,,,,,,,,,,,,,,,,,,,,,,,,,,,,,,,,,,,,,,,,,
146,Circle,CenterX,16.3,CenterY,270.463,Radius,76.5218,,,,,,,,,,,,,,,,,,,,,,,,,,,,,,,,,,,,,,,,,,,,,,,,,,,,,,,,,,,,,,,,,,,,,,,,,,,,,,
147,Polygon,X0,109.322,Y0,365.619,X1,369.605,Y1,279.168,X2,122.477,Y2,274.973,X3,110.166,Y3,377.865,X4,371.07,Y4,274.599,X5,155.087,Y5,389.435,X6,91.5198,Y6,44.4667,X7,395.99,Y7,338.266,X8,16.8557,Y8,240.317,X9,375.914,Y9,145.81,X10,11.9874,Y10,305.907,X11,70.3628,Y11,353.877,X12,271.604,Y12,417.237,,,,,,,,,,,,,,,,,,,,,,,,,,,,,,,,
148,Polygon,X0,220.588,Y0,400.533,X1,300.103,Y1,303.989,X2,62.0745,Y2,46.3643,X3,155.409,Y3,444.428,X4,92.745,Y4,13.8609,X5,208.187,Y5,115.283,X6,211.803,Y6,384.959,X7,407.185,Y7,208.001,X8,327.917,Y8,178.955,X9,370.806,Y9,491.032,X10,185.988,Y10,348.436,X11,41.9382,Y11,63.9591,X12,67.5866,Y12,144.134,X13,227.237,Y13,102.71,X14,234.217,Y14,336.723,,,,,,,,,,,,,,,,,,,,,,,,
149,Square,CenterX,435.04,CenterY,424.096,Side Length,90.2388,Orienation,2.3259,,,,,,,,,,,,,,,,,,,,,,,,,,,,,,,,,,,,,,,,,,,,,,,,,,,,,,,,,,,,,,,,,,,,,,,,,,,,
150,Polygon,X0,389.653,Y0,437.084,X1,266.827,Y1,33.6612,X2,85.7062,Y2,178.507,X3,398.785,Y3,179.182,X4,356.225,Y4,277.075,X5,100.272,Y5,47.0712,X6,416.555,Y6,197.993,X7,454.692,Y7,444.445,X8,285.713,Y8,136.175,X9,309.95,Y9,392.803,X10,33.6801,Y10,260.574,X11,111.141,Y11,465.053,X12,309.164,Y12,0.614092,X13,240.511,Y13,153.542,X14,10.6302,Y14,312.886,,,,,,,,,,,,,,,,,,,,,,,,
151,Circle,CenterX,453.572,CenterY,182.263,Radius,74.5144,,,,,,,,,,,,,,,,,,,,,,,,,,,,,,,,,,,,,,,,,,,,,,,,,,,,,,,,,,,,,,,,,,,,,,,,,,,,,,
152,Equilateral Triangle,CenterX,475.132,CenterY,377.162,Side Length,34.266,Orienation,1.61821,,,,,,,,,,,,,,,,,,,,,,,,,,,,,,,,,,,,,,,,,,,,,,,,,,,,,,,,,,,,,,,,,,,,,,,,,,,,
153,Polygon,X0,1.07257,Y0,240.087,X1,135.301,Y1,338.155,X2,369.813,Y2,4.5381,X3,238.148,Y3,385.697,X4,258.561,Y4,165.651,X5,363.722,Y5,352.771,X6,452.552,Y6,196.498,X7,195.177,Y7,366.471,X8,303.614,Y8,87.5678,X9,252.293,Y9,436.86,X10,474.801,Y10,247.997,X11,107.874,Y11,150.896,X12,486.271,Y12,210.607,,,,,,,,,,,,,,,,,,,,,,,,,,,,,,,,
154,Equilateral Triangle,CenterX,24.9796,CenterY,235.511,Side Length,23.7278,Orienation,5.96911,,,,,,,,,,,,,,,,,,,,,,,,,,,,,,,,,,,,,,,,,,,,,,,,,,,,,,,,,,,,,,,,,,,,,,,,,,,,
155,Circle,CenterX,128.974,CenterY,261.255,Radius,15.5394,,,,,,,,,,,,,,,,,,,,,,,,,,,,,,,,,,,,,,,,,,,,,,,,,,,,,,,,,,,,,,,,,,,,,,,,,,,,,,
156,Polygon,X0,72.639,Y0,294.925,X1,175.017,Y1,272.743,X2,427.099,Y2,350.27,X3,122.862,Y3,333.444,X4,371.476,Y4,279.6,X5,388.013,Y5,154.519,X6,49.0081,Y6,96.0768,,,,,,,,,,,,,,,,,,,,,,,,,,,,,,,,,,,,,,,,,,,,,,,,,,,,,,,,
157,Equilateral Triangle,CenterX,351.62,CenterY,254.289,Side Length,9.80015,Orienation,1.4526,,,,,,,,,,,,,,,,,,,,,,,,,,,,,,,,,,,,,,,,,,,,,,,,,,,,,,,,,,,,,,,,,,,,,,,,,,,,
158,Circle,CenterX,403.659,CenterY,89.2006,Radius,7.11412,,,,,,,,,,,,,,,,,,,,,,,,,,,,,,,,,,,,,,,,,,,,,,,,,,,,,,,,,,,,,,,,,,,,,,,,,,,,,,
159,Circle,CenterX,252.297,CenterY,147.056,Radius,33.5698,,,,,,,,,,,,,,,,,,,,,,,,,,,,,,,,,,,,,,,,,,,,,,,,,,,,,,,,,,,,,,,,,,,,,,,,,,,,,,
160,Circle,CenterX,31.1244,CenterY,97.5665,Radius,56.6069,,,,,,,,,,,,,,,,,,,,,,,,,,,,,,,,,,,,,,,,,,,,,,,,,,,,,,,,,,,,,,,,,,,,,,,,,,,,,,
161,Circle,CenterX,481.079,CenterY,346.517,Radius,62.5808,,,,,,,,,,,,,,,,,,,,,,,,,,,,,,,,,,,,,,,,,,,,,,,,,,,,,,,,,,,,,,,,,,,,,,,,,,,,,,
162,Equilateral Triangle,CenterX,242.771,CenterY,126.868,Side Length,37.8977,Orienation,2.21765,,,,,,,,,,,,,,,,,,,,,,,,,,,,,,,,,,,,,,,,,,,,,,,,,,,,,,,,,,,,,,,,,,,,,,,,,,,,
163,Circle,CenterX,297.412,CenterY,172.057,Radius,96.6878,,,,,,,,,,,,,,,,,,,,,,,,,,,,,,,,,,,,,,,,,,,,,,,,,,,,,,,,,,,,,,,,,,,,,,,,,,,,,,
164,Polygon,X0,14.2812,Y0,31.292,X1,311.351,Y1,23.1407,,,,,,,,,,,,,,,,,,,,,,,,,,,,,,,,,,,,,,,,,,,,,,,,,,,,,,,,,,,,,,,,,,,,,,,,,,,,
165,Ellipse,CenterX,242.095,CenterY,467.677,R1,42.3826,R2,14.1549,Orienation,5.48548,,,,,,,,,,,,,,,,,,,,,,,,,,,,,,,,,,,,,,,,,,,,,,,,,,,,,,,,,,,,,,,,,,,,,,,,,,
166,Equilateral Triangle,CenterX,496.74,CenterY,464.004,Side Length,10.413,Orienation,0.868868,,,,,,,,,,,,,,,,,,,,,,,,,,,,,,,,,,,,,,,,,,,,,,,,,,,,,,,,,,,,,,,,,,,,,,,,,,,,
167,Equilateral Triangle,CenterX,488.799,CenterY,119.745,Side Length,53.7781,Orienation,1.06474,,,,,,,,,,,,,,,,,,,,,,,,,,,,,,,,,,,,,,,,,,,,,,,,,,,,,,,,,,,,,,,,,,,,,,,,,,,,
168,Square,CenterX,357.665,CenterY,101.958,Side Length,73.4711,Orienation,4.54549,,,,,,,,,,,,,,,,,,,,,,,,,,,,,,,,,,,,,,,,,,,,,,,,,,,,,,,,,,,,,,,,,,,,,,,,,,,,
169,Equilateral Triangle,CenterX,10.7768,CenterY,148.055,Side Length,4.39126,Orienation,5.42001,,,,,,,,,,,,,,,,,,,,,,,,,,,,,,,,,,,,,,,,,,,,,,,,,,,,,,,,,,,,,,,,,,,,,,,,,,,,
170,Polygon,X0,165.003,Y0,453.449,X1,335.03,Y1,242.862,X2,253.354,Y2,102.156,X3,365.501,Y3,304.751,X4,307.022,Y4,476.33,X5,495.772,Y5,91.53,X6,186.159,Y6,339.285,X7,189.186,Y7,32.2351,X8,207.639,Y8,311.022,X9,36.3929,Y9,310.466,X10,270.277,Y10,459.324,X11,323.973,Y11,111.229,X12,324.268,Y12,65.5692,X13,37.2485,Y13,20.2451,X14,462.707,Y14,197.289,X15,26.7409,Y15,336.133,X16,60.2761,Y16,374.127,,,,,,,,,,,,,,,,
171,Ellipse,CenterX,329.45,CenterY,306.806,R1,41.2185,R2,17.0948,Orienation,3.58247,,,,,,,,,,,,,,,,,,,,,,,,,,,,,,,,,,,,,,,,,,,,,,,,,,,,,,,,,,,,,,,,,,,,,,,,,,
172,Equilateral Triangle,CenterX,361.783,CenterY,180.85,Side Length,22.4542,Orienation,1.24533,,,,,,,,,,,,,,,,,,,,,,,,,,,,,,,,,,,,,,,,,,,,,,,,,,,,,,,,,,,,,,,,,,,,,,,,,,,,
173,Equilateral Triangle,CenterX,488.471,CenterY,208.517,Side Length,12.5231,Orienation,0.907249,,,,,,,,,,,,,,,,,,,,,,,,,,,,,,,,,,,,,,,,,,,,,,,,,,,,,,,,,,,,,,,,,,,,,,,,,,,,
174,Ellipse,CenterX,247.588,CenterY,469.393,R1,32.9293,R2,46.7736,Orienation,3.6794,,,,,,,,,,,,,,,,,,,,,,,,,,,,,,,,,,,,,,,,,,,,,,,,,,,,,,,,,,,,,,,,,,,,,,,,,,
175,Ellipse,CenterX,346.58,CenterY,206.236,R1,25.6836,R2,10.14,Orienation,1.28834,,,,,,,,,,,,,,,,,,,,,,,,,,,,,,,,,,,,,,,,,,,,,,,,,,,,,,,,,,,,,,,,,,,,,,,,,,
176,Ellipse,CenterX,260.85,CenterY,398.241,R1,11.4599,R2,32.9636,Orienation,4.23296,,,,,,,,,,,,,,,,,,,,,,,,,,,,,,,,,,,,,,,,,,,,,,,,,,,,,,,,,,,,,,,,,,,,,,,,,,
177,Ellipse,CenterX,135.931,CenterY,328.074,R1,37.247,R2,13.4371,Orienation,5.75918,,,,,,,,,,,,,,,,,,,,,,,,,,,,,,,,,,,,,,,,,,,,,,,,,,,,,,,,,,,,,,,,,,,,,,,,,,
178,Ellipse,CenterX,194.719,CenterY,137.529,R1,8.5241,R2,35.6007,Orienation,3.11167,,,,,,,,,,,,,,,,,,,,,,,,,,,,,,,,,,,,,,,,,,,,,,,,,,,,,,,,,,,,,,,,,,,,,,,,,,
179,Square,CenterX,403.335,CenterY,447.651,Side Length,23.9647,Orienation,5.39496,,,,,,,,,,,,,,,,,,,,,,,,,,,,,,,,,,,,,,,,,,,,,,,,,,,,,,,,,,,,,,,,,,,,,,,,,,,,
180,Polygon,X0,193.384,Y0,68.3801,X1,486.815,Y1,289.861,X2,496.383,Y2,316.604,X3,62.0369,Y3,429.707,X4,299.298,Y4,247.001,X5,233.806,Y5,332.853,X6,198.528,Y6,219.057,X7,51.6036,Y7,54.9339,X8,403.465,Y8,19.7213,X9,477.617,Y9,257.866,X10,155.928,Y10,227.414,X11,108.446,Y11,3.6629,X12,96.6526,Y12,232.249,X13,173.38,Y13,438.401,X14,174.098,Y14,26.6633,X15,28.6654,Y15,395.425,X16,401.479,Y16,176.142,,,,,,,,,,,,,,,,
181,Equilateral Triangle,CenterX,461.578,CenterY,477.877,Side Length,33.0856,Orienation,3.34859,,,,,,,,,,,,,,,,,,,,,,,,,,,,,,,,,,,,,,,,,,,,,,,,,,,,,,,,,,,,,,,,,,,,,,,,,,,,
182,Ellipse,CenterX,342.426,CenterY,67.7339,R1,24.679,R2,11.8535,Orienation,2.14617,,,,,,,,,,,,,,,,,,,,,,,,,,,,,,,,,,,,,,,,,,,,,,,,,,,,,,,,,,,,,,,,,,,,,,,,,,
183,Ellipse,CenterX,445.658,CenterY,234.939,R1,24.2973,R2,36.2438,Orienation,3.8808,,,,,,,,,,,,,,,,,,,,,,,,,,,,,,,,,,,,,,,,,,,,,,,,,,,,,,,,,,,,,,,,,,,,,,,,,,
184,Equilateral Triangle,CenterX,136.433,CenterY,467.695,Side Length,22.2561,Orienation,2.56798,,,,,,,,,,,,,,,,,,,,,,,,,,,,,,,,,,,,,,,,,,,,,,,,,,,,,,,,,,,,,,,,,,,,,,,,,,,,
185,Equilateral Triangle,CenterX,259.319,CenterY,313.186,Side Length,92.9195,Orienation,4.7521,,,,,,,,,,,,,,,,,,,,,,,,,,,,,,,,,,,,,,,,,,,,,,,,,,,,,,,,,,,,,,,,,,,,,,,,,,,,
186,Square,CenterX,141.029,CenterY,275.181,Side Length,8.84927,Orienation,3.43303,,,,,,,,,,,,,,,,,,,,,,,,,,,,,,,,,,,,,,,,,,,,,,,,,,,,,,,,,,,,,,,,,,,,,,,,,,,,
187,Equilateral Triangle,CenterX,433.202,CenterY,100.336,Side Length,48.8349,Orienation,2.42087,,,,,,,,,,,,,,,,,,,,,,,,,,,,,,,,,,,,,,,,,,,,,,,,,,,,,,,,,,,,,,,,,,,,,,,,,,,,
188,Ellipse,CenterX,165.544,CenterY,111.416,R1,32.7366,R2,26.0841,Orienation,2.98179,,,,,,,,,,,,,,,,,,,,,,,,,,,,,,,,,,,,,,,,,,,,,,,,,,,,,,,,,,,,,,,,,,,,,,,,,,
189,Equilateral Triangle,CenterX,43.7501,CenterY,331.275,Side Length,34.72,Orienation,6.09218,,,,,,,,,,,,,,,,,,,,,,,,,,,,,,,,,,,,,,,,,,,,,,,,,,,,,,,,,,,,,,,,,,,,,,,,,,,,
190,Ellipse,CenterX,201.732,CenterY,40.1658,R1,41.1279,R2,34.1763,Orienation,2.61405,,,,,,,,,,,,,,,,,,,,,,,,,,,,,,,,,,,,,,,,,,,,,,,,,,,,,,,,,,,,,,,,,,,,,,,,,,
191,Equilateral Triangle,CenterX,226.281,CenterY,27.4706,Side Length,84.2942,Orienation,3.10571,,,,,,,,,,,,,,,,,,,,,,,,,,,,,,,,,,,,,,,,,,,,,,,,,,,,,,,,,,,,,,,,,,,,,,,,,,,,
192,Ellipse,CenterX,307.989,CenterY,266.569,R1,45.6686,R2,1.34151,Orienation,0.143495,,,,,,,,,,,,,,,,,,,,,,,,,,,,,,,,,,,,,,,,,,,,,,,,,,,,,,,,,,,,,,,,,,,,,,,,,,
193,Circle,CenterX,309.929,CenterY,473.619,Radius,40.8018,,,,,,,,,,,,,,,,,,,,,,,,,,,,,,,,,,,,,,,,,,,,,,,,,,,,,,,,,,,,,,,,,,,,,,,,,,,,,,
194,Circle,CenterX,89.1662,CenterY,303.714,Radius,25.6598,,,,,,,,,,,,,,,,,,,,,,,,,,,,,,,,,,,,,,,,,,,,,,,,,,,,,,,,,,,,,,,,,,,,,,,,,,,,,,
195,Equilateral Triangle,CenterX,300.684,CenterY,399.813,Side Length,92.1709,Orienation,5.15672,,,,,,,,,,,,,,,,,,,,,,,,,,,,,,,,,,,,,,,,,,,,,,,,,,,,,,,,,,,,,,,,,,,,,,,,,,,,
196,Polygon,X0,165.483,Y0,484.294,X1,316.058,Y1,230.182,X2,477.282,Y2,63.1166,X3,414.122,Y3,438.282,X4,291.859,Y4,307.723,X5,209.556,Y5,389.071,X6,342.658,Y6,417.189,X7,320.798,Y7,135.839,X8,235.696,Y8,311.177,X9,7.35279,Y9,257.197,X10,42.0057,Y10,365.475,X11,19.1882,Y11,76.2867,X12,358.574,Y12,258.747,,,,,,,,,,,,,,,,,,,,,,,,,,,,,,,,
197,Ellipse,CenterX,459.91,CenterY,26.8583,R1,26.4412,R2,32.2783,Orienation,2.05953,,,,,,,,,,,,,,,,,,,,,,,,,,,,,,,,,,,,,,,,,,,,,,,,,,,,,,,,,,,,,,,,,,,,,,,,,,
198,Ellipse,CenterX,449.037,CenterY,110.061,R1,25.4965,R2,1.205,Orienation,4.44084,,,,,,,,,,,,,,,,,,,,,,,,,,,,,,,,,,,,,,,,,,,,,,,,,,,,,,,,,,,,,,,,,,,,,,,,,,
199,Circle,CenterX,235.289,CenterY,177.307,Radius,32.239,,,,,,,,,,,,,,,,,,,,,,,,,,,,,,,,,,,,,,,,,,,,,,,,,,,,,,,,,,,,,,,,,,,,,,,,,,,,,,
200,Equilateral Triangle,CenterX,374.372,CenterY,176.471,Side Length,39.9003,Orienation,4.15152,,,,,,,,,,,,,,,,,,,,,,,,,,,,,,,,,,,,,,,,,,,,,,,,,,,,,,,,,,,,,,,,,,,,,,,,,,,,
201,Polygon,X0,72.8702,Y0,370.207,X1,197.766,Y1,337.453,X2,291.81,Y2,194.22,X3,349.783,Y3,401.249,X4,196.333,Y4,187.037,X5,331.142,Y5,47.7261,X6,37.625,Y6,48.022,X7,256.314,Y7,333.468,X8,33.6963,Y8,152.774,X9,462.194,Y9,205.518,X10,495.755,Y10,32.9949,X11,310.008,Y11,195.306,X12,331.496,Y12,71.4943,X13,438.356,Y13,460.917,,,,,,,,,,,,,,,,,,,,,,,,,,,,
202,Polygon,X0,187.641,Y0,96.3135,X1,259.507,Y1,213.757,X2,113.632,Y2,98.3888,X3,496.804,Y3,34.6289,X4,1.00264,Y4,176.57,X5,52.291,Y5,332.73,X6,196.931,Y6,124.559,X7,121.168,Y7,40.9647,X8,46.1468,Y8,428.26,X9,180.53,Y9,214.035,X10,204.889,Y10,191.128,X11,357.288,Y11,259.801,X12,99.5137,Y12,415.736,X13,230.758,Y13,80.9651,X14,346.891,Y14,89.5617,X15,381.835,Y15,343.848,X16,39.2325,Y16,1.45634,,,,,,,,,,,,,,,,
203,Circle,CenterX,405.722,CenterY,357.429,Radius,52.6881,,,,,,,,,,,,,,,,,,,,,,,,,,,,,,,,,,,,,,,,,,,,,,,,,,,,,,,,,,,,,,,,,,,,,,,,,,,,,,
204,Circle,CenterX,8.17366,CenterY,287.766,Radius,22.7525,,,,,,,,,,,,,,,,,,,,,,,,,,,,,,,,,,,,,,,,,,,,,,,,,,,,,,,,,,,,,,,,,,,,,,,,,,,,,,
205,Ellipse,CenterX,394.918,CenterY,58.9064,R1,13.8506,R2,44.956,Orienation,1.35447,,,,,,,,,,,,,,,,,,,,,,,,,,,,,,,,,,,,,,,,,,,,,,,,,,,,,,,,,,,,,,,,,,,,,,,,,,
206,Equilateral Triangle,CenterX,453.94,CenterY,169.322,Side Length,95.5829,Orienation,1.30841,,,,,,,,,,,,,,,,,,,,,,,,,,,,,,,,,,,,,,,,,,,,,,,,,,,,,,,,,,,,,,,,,,,,,,,,,,,,
207,Equilateral Triangle,CenterX,261.868,CenterY,486.974,Side Length,58.4083,Orienation,0.386624,,,,,,,,,,,,,,,,,,,,,,,,,,,,,,,,,,,,,,,,,,,,,,,,,,,,,,,,,,,,,,,,,,,,,,,,,,,,
208,Circle,CenterX,199.026,CenterY,329.938,Radius,5.25495,,,,,,,,,,,,,,,,,,,,,,,,,,,,,,,,,,,,,,,,,,,,,,,,,,,,,,,,,,,,,,,,,,,,,,,,,,,,,,
209,Circle,CenterX,8.46151,CenterY,469.643,Radius,25.035,,,,,,,,,,,,,,,,,,,,,,,,,,,,,,,,,,,,,,,,,,,,,,,,,,,,,,,,,,,,,,,,,,,,,,,,,,,,,,
210,Polygon,X0,244.899,Y0,310.761,X1,186.156,Y1,326.383,X2,100.562,Y2,253.683,X3,406.879,Y3,139.367,X4,486.337,Y4,99.0112,X5,205.677,Y5,159.458,X6,463.608,Y6,87.9734,X7,22.5273,Y7,56.738,X8,355.636,Y8,333.743,X9,101.219,Y9,458.148,X10,493.689,Y10,29.8011,,,,,,,,,,,,,,,,,,,,,,,,,,,,,,,,,,,,,,,,
211,Circle,CenterX,359.286,CenterY,7.10415,Radius,34.8441,,,,,,,,,,,,,,,,,,,,,,,,,,,,,,,,,,,,,,,,,,,,,,,,,,,,,,,,,,,,,,,,,,,,,,,,,,,,,,
212,Circle,CenterX,298.645,CenterY,472.139,Radius,94.9577,,,,,,,,,,,,,,,,,,,,,,,,,,,,,,,,,,,,,,,,,,,,,,,,,,,,,,,,,,,,,,,,,,,,,,,,,,,,,,
213,Circle,CenterX,16.2267,CenterY,469.824,Radius,45.1626,,,,,,,,,,,,,,,,,,,,,,,,,,,,,,,,,,,,,,,,,,,,,,,,,,,,,,,,,,,,,,,,,,,,,,,,,,,,,,
214,Square,CenterX,19.9313,CenterY,69.9345,Side Length,35.9141,Orienation,2.96793,,,,,,,,,,,,,,,,,,,,,,,,,,,,,,,,,,,,,,,,,,,,,,,,,,,,,,,,,,,,,,,,,,,,,,,,,,,,
215,Ellipse,CenterX,415.77,CenterY,157.953,R1,31.5297,R2,38.4974,Orienation,3.6552,,,,,,,,,,,,,,,,,,,,,,,,,,,,,,,,,,,,,,,,,,,,,,,,,,,,,,,,,,,,,,,,,,,,,,,,,,
216,Ellipse,CenterX,272.696,CenterY,317.243,R1,21.209,R2,7.92545,Orienation,3.45617,,,,,,,,,,,,,,,,,,,,,,,,,,,,,,,,,,,,,,,,,,,,,,,,,,,,,,,,,,,,,,,,,,,,,,,,,,
217,Circle,CenterX,332.583,CenterY,209.523,Radius,69.3859,,,,,,,,,,,,,,,,,,,,,,,,,,,,,,,,,,,,,,,,,,,,,,,,,,,,,,,,,,,,,,,,,,,,,,,,,,,,,,
218,Ellipse,CenterX,321.163,CenterY,340.318,R1,30.8552,R2,32.8801,Orienation,2.27877,,,,,,,,,,,,,,,,,,,,,,,,,,,,,,,,,,,,,,,,,,,,,,,,,,,,,,,,,,,,,,,,,,,,,,,,,,
219,Ellipse,CenterX,65.3747,CenterY,259.006,R1,5.21257,R2,41.0241,Orienation,1.22763,,,,,,,,,,,,,,,,,,,,,,,,,,,,,,,,,,,,,,,,,,,,,,,,,,,,,,,,,,,,,,,,,,,,,,,,,,
220,Ellipse,CenterX,18.6471,CenterY,327.81,R1,9.10346,R2,8.62488,Orienation,4.54999,,,,,,,,,,,,,,,,,,,,,,,,,,,,,,,,,,,,,,,,,,,,,,,,,,,,,,,,,,,,,,,,,,,,,,,,,,
221,Circle,CenterX,203.939,CenterY,237.481,Radius,2.33185,,,,,,,,,,,,,,,,,,,,,,,,,,,,,,,,,,,,,,,,,,,,,,,,,,,,,,,,,,,,,,,,,,,,,,,,,,,,,,
222,Equilateral Triangle,CenterX,428.381,CenterY,307.943,Side Length,75.0691,Orienation,2.93606,,,,,,,,,,,,,,,,,,,,,,,,,,,,,,,,,,,,,,,,,,,,,,,,,,,,,,,,,,,,,,,,,,,,,,,,,,,,
223,Circle,CenterX,240.507,CenterY,126.692,Radius,97.7993,,,,,,,,,,,,,,,,,,,,,,,,,,,,,,,,,,,,,,,,,,,,,,,,,,,,,,,,,,,,,,,,,,,,,,,,,,,,,,
224,Circle,CenterX,415.982,CenterY,203.702,Radius,28.9941,,,,,,,,,,,,,,,,,,,,,,,,,,,,,,,,,,,,,,,,,,,,,,,,,,,,,,,,,,,,,,,,,,,,,,,,,,,,,,
225,Ellipse,CenterX,410.248,CenterY,27.5183,R1,35.8206,R2,41.4507,Orienation,0.670247,,,,,,,,,,,,,,,,,,,,,,,,,,,,,,,,,,,,,,,,,,,,,,,,,,,,,,,,,,,,,,,,,,,,,,,,,,
226,Circle,CenterX,460.108,CenterY,192.127,Radius,40.2061,,,,,,,,,,,,,,,,,,,,,,,,,,,,,,,,,,,,,,,,,,,,,,,,,,,,,,,,,,,,,,,,,,,,,,,,,,,,,,
227,Equilateral Triangle,CenterX,63.9134,CenterY,144.519,Side Length,27.4208,Orienation,0.230076,,,,,,,,,,,,,,,,,,,,,,,,,,,,,,,,,,,,,,,,,,,,,,,,,,,,,,,,,,,,,,,,,,,,,,,,,,,,
228,Equilateral Triangle,CenterX,329.475,CenterY,204.885,Side Length,2.56986,Orienation,0.536885,,,,,,,,,,,,,,,,,,,,,,,,,,,,,,,,,,,,,,,,,,,,,,,,,,,,,,,,,,,,,,,,,,,,,,,,,,,,
229,Square,CenterX,349.37,CenterY,33.2806,Side Length,87.9343,Orienation,0.432186,,,,,,,,,,,,,,,,,,,,,,,,,,,,,,,,,,,,,,,,,,,,,,,,,,,,,,,,,,,,,,,,,,,,,,,,,,,,
230,Square,CenterX,492.47,CenterY,471.339,Side Length,21.3671,Orienation,1.37132,,,,,,,,,,,,,,,,,,,,,,,,,,,,,,,,,,,,,,,,,,,,,,,,,,,,,,,,,,,,,,,,,,,,,,,,,,,,
231,Polygon,X0,448.006,Y0,38.1507,X1,234.147,Y1,115.634,X2,126.812,Y2,73.9654,X3,216.595,Y3,275.646,X4,394.566,Y4,143.95,X5,398.725,Y5,224.684,X6,257.725,Y6,140.86,X7,259.703,Y7,424.509,X8,497.94,Y8,87.14,X9,475.163,Y9,332.141,X10,73.5208,Y10,380.226,X11,281.263,Y11,458.709,X12,390.264,Y12,227.424,X13,281.744,Y13,287.226,X14,415.449,Y14,25.0049,X15,112.971,Y15,23.9334,X16,373.918,Y16,356.012,X17,323.555,Y17,231.274,X18,465.9,Y18,258.942,X19,418.772,Y19,478.103,,,,
232,Ellipse,CenterX,421.131,CenterY,119.912,R1,26.8471,R2,34.0555,Orienation,0.13119,,,,,,,,,,,,,,,,,,,,,,,,,,,,,,,,,,,,,,,,,,,,,,,,,,,,,,,,,,,,,,,,,,,,,,,,,,
233,Square,CenterX,118.103,CenterY,118.372,Side Length,40.6714,Orienation,4.47695,,,,,,,,,,,,,,,,,,,,,,,,,,,,,,,,,,,,,,,,,,,,,,,,,,,,,,,,,,,,,,,,,,,,,,,,,,,,
234,Equilateral Triangle,CenterX,329.457,CenterY,229.384,Side Length,87.4459,Orienation,5.33784,,,,,,,,,,,,,,,,,,,,,,,,,,,,,,,,,,,,,,,,,,,,,,,,,,,,,,,,,,,,,,,,,,,,,,,,,,,,
235,Circle,CenterX,393.919,CenterY,305.756,Radius,88.7479,,,,,,,,,,,,,,,,,,,,,,,,,,,,,,,,,,,,,,,,,,,,,,,,,,,,,,,,,,,,,,,,,,,,,,,,,,,,,,
236,Polygon,X0,196.898,Y0,482.329,X1,2.80221,Y1,475.958,X2,218.778,Y2,325.01,X3,496.021,Y3,31.3659,X4,349.524,Y4,90.7371,,,,,,,,,,,,,,,,,,,,,,,,,,,,,,,,,,,,,,,,,,,,,,,,,,,,,,,,,,,,,,,,
237,Equilateral Triangle,CenterX,178.328,CenterY,402.387,Side Length,86.2751,Orienation,1.15024,,,,,,,,,,,,,,,,,,,,,,,,,,,,,,,,,,,,,,,,,,,,,,,,,,,,,,,,,,,,,,,,,,,,,,,,,,,,
238,Polygon,X0,219.319,Y0,226.861,X1,235.032,Y1,115.657,X2,254.905,Y2,326.781,X3,183.237,Y3,248.884,X4,187.739,Y4,303.715,X5,1.66968,Y5,45.6031,X6,324.26,Y6,12.109,,,,,,,,,,,,,,,,,,,,,,,,,,,,,,,,,,,,,,,,,,,,,,,,,,,,,,,,
239,Square,CenterX,210.22,CenterY,201.905,Side Length,0.101768,Orienation,4.39364,,,,,,,,,,,,,,,,,,,,,,,,,,,,,,,,,,,,,,,,,,,,,,,,,,,,,,,,,,,,,,,,,,,,,,,,,,,,
240,Ellipse,CenterX,280.805,CenterY,430.3,R1,32.7962,R2,40.6962,Orienation,0.645092,,,,,,,,,,,,,,,,,,,,,,,,,,,,,,,,,,,,,,,,,,,,,,,,,,,,,,,,,,,,,,,,,,,,,,,,,,
241,Circle,CenterX,310.032,CenterY,352.615,Radius,14.3364,,,,,,,,,,,,,,,,,,,,,,,,,,,,,,,,,,,,,,,,,,,,,,,,,,,,,,,,,,,,,,,,,,,,,,,,,,,,,,
242,Square,CenterX,61.0586,CenterY,156.298,Side Length,1.39018,Orienation,0.430648,,,,,,,,,,,,,,,,,,,,,,,,,,,,,,,,,,,,,,,,,,,,,,,,,,,,,,,,,,,,,,,,,,,,,,,,,,,,
243,Square,CenterX,442.997,CenterY,99.5281,Side Length,17.0556,Orienation,4.6133,,,,,,,,,,,,,,,,,,,,,,,,,,,,,,,,,,,,,,,,,,,,,,,,,,,,,,,,,,,,,,,,,,,,,,,,,,,,
244,Ellipse,CenterX,338.209,CenterY,415.549,R1,13.8234,R2,43.9366,Orienation,5.57605,,,,,,,,,,,,,,,,,,,,,,,,,,,,,,,,,,,,,,,,,,,,,,,,,,,,,,,,,,,,,,,,,,,,,,,,,,
245,Polygon,X0,259.675,Y0,405.178,X1,309.945,Y1,364.27,X2,36.5588,Y2,325.422,X3,251.007,Y3,94.6154,X4,464.84,Y4,425.805,X5,236.73,Y5,472.247,X6,427.181,Y6,157.396,X7,183.021,Y7,173.546,,,,,,,,,,,,,,,,,,,,,,,,,,,,,,,,,,,,,,,,,,,,,,,,,,,,
246,Circle,CenterX,270.977,CenterY,416.804,Radius,71.5082,,,,,,,,,,,,,,,,,,,,,,,,,,,,,,,,,,,,,,,,,,,,,,,,,,,,,,,,,,,,,,,,,,,,,,,,,,,,,,
247,Ellipse,CenterX,366.419,CenterY,373.37,R1,49,R2,44.4523,Orienation,1.06713,,,,,,,,,,,,,,,,,,,,,,,,,,,,,,,,,,,,,,,,,,,,,,,,,,,,,,,,,,,,,,,,,,,,,,,,,,
248,Ellipse,CenterX,52.3338,CenterY,6.5216,R1,25.6147,R2,45.8794,Orienation,0.689447,,,,,,,,,,,,,,,,,,,,,,,,,,,,,,,,,,,,,,,,,,,,,,,,,,,,,,,,,,,,,,,,,,,,,,,,,,
249,Equilateral Triangle,CenterX,59.8341,CenterY,74.8231,Side Length,69.3409,Orienation,0.0186088,,,,,,,,,,,,,,,,,,,,,,,,,,,,,,,,,,,,,,,,,,,,,,,,,,,,,,,,,,,,,,,,,,,,,,,,,,,,
250,Ellipse,CenterX,351.782,CenterY,183.556,R1,10.0017,R2,30.7291,Orienation,1.62667,,,,,,,,,,,,,,,,,,,,,,,,,,,,,,,,,,,,,,,,,,,,,,,,,,,,,,,,,,,,,,,,,,,,,,,,,,
251,Ellipse,CenterX,243.423,CenterY,38.9961,R1,10.4243,R2,44.8195,Orienation,3.78982,,,,,,,,,,,,,,,,,,,,,,,,,,,,,,,,,,,,,,,,,,,,,,,,,,,,,,,,,,,,,,,,,,,,,,,,,,
252,Polygon,X0,228.055,Y0,345.555,X1,110.748,Y1,61.1863,X2,14.3439,Y2,69.3079,X3,465.842,Y3,125.682,X4,81.9156,Y4,85.2222,X5,312.041,Y5,117.544,X6,367.544,Y6,339.724,X7,65.7947,Y7,272.44,X8,69.7462,Y8,413.797,X9,134.998,Y9,426.58,X10,394.29,Y10,54.6481,X11,374.686,Y11,93.1402,,,,,,,,,,,,,,,,,,,,,,,,,,,,,,,,,,,,
253,Equilateral Triangle,CenterX,206.609,CenterY,249.491,Side Length,42.5798,Orienation,2.21465,,,,,,,,,,,,,,,,,,,,,,,,,,,,,,,,,,,,,,,,,,,,,,,,,,,,,,,,,,,,,,,,,,,,,,,,,,,,
254,Ellipse,CenterX,333.131,CenterY,134.868,R1,33.8277,R2,30.7808,Orienation,6.01498,,,,,,,,,,,,,,,,,,,,,,,,,,,,,,,,,,,,,,,,,,,,,,,,,,,,,,,,,,,,,,,,,,,,,,,,,,
255,Circle,CenterX,390.328,CenterY,160.471,Radius,51.8346,,,,,,,,,,,,,,,,,,,,,,,,,,,,,,,,,,,,,,,,,,,,,,,,,,,,,,,,,,,,,,,,,,,,,,,,,,,,,,
256,Polygon,X0,233.134,Y0,249.131,X1,383.617,Y1,124.704,X2,73.1645,Y2,164.112,X3,367.814,Y3,384.344,X4,312.627,Y4,464.311,X5,84.6517,Y5,68.8087,X6,270.61,Y6,417.058,X7,253.807,Y7,382.451,X8,415.67,Y8,352.217,X9,454.139,Y9,211.685,X10,58.0924,Y10,176.358,X11,323.984,Y11,260.769,X12,177.046,Y12,276.015,X13,450.603,Y13,365.895,X14,53.4093,Y14,50.8435,X15,139.737,Y15,141.695,X16,330.3,Y16,201.296,X17,158.13,Y17,312.322,X18,310.781,Y18,50.8609,X19,169.991,Y19,243.788,,,,
257,Ellipse,CenterX,402.546,CenterY,357.058,R1,19.0287,R2,43.6115,Orienation,2.30385,,,,,,,,,,,,,,,,,,,,,,,,,,,,,,,,,,,,,,,,,,,,,,,,,,,,,,,,,,,,,,,,,,,,,,,,,,
258,Ellipse,CenterX,110.849,CenterY,48.0527,R1,20.7991,R2,10.0757,Orienation,4.10656,,,,,,,,,,,,,,,,,,,,,,,,,,,,,,,,,,,,,,,,,,,,,,,,,,,,,,,,,,,,,,,,,,,,,,,,,,
259,Ellipse,CenterX,355.3,CenterY,3.95179,R1,15.0461,R2,21.8696,Orienation,0.655529,,,,,,,,,,,,,,,,,,,,,,,,,,,,,,,,,,,,,,,,,,,,,,,,,,,,,,,,,,,,,,,,,,,,,,,,,,
260,Circle,CenterX,116.295,CenterY,440.341,Radius,79.7204,,,,,,,,,,,,,,,,,,,,,,,,,,,,,,,,,,,,,,,,,,,,,,,,,,,,,,,,,,,,,,,,,,,,,,,,,,,,,,
261,Polygon,X0,189.396,Y0,237.575,X1,33.1057,Y1,99.3187,X2,95.9358,Y2,193.142,X3,268.82,Y3,140.156,X4,194.073,Y4,167.553,X5,88.4549,Y5,155.602,X6,186.236,Y6,467.008,X7,294.432,Y7,210.764,X8,307.406,Y8,51.8404,X9,60.4761,Y9,106.963,X10,187.136,Y10,442.649,X11,209.478,Y11,371.48,X12,205.903,Y12,231.939,X13,109.235,Y13,333.327,X14,239.2,Y14,300.491,X15,416.727,Y15,279.23,,,,,,,,,,,,,,,,,,,,
262,Ellipse,CenterX,243.005,CenterY,250.912,R1,38.5947,R2,10.6137,Orienation,1.71239,,,,,,,,,,,,,,,,,,,,,,,,,,,,,,,,,,,,,,,,,,,,,,,,,,,,,,,,,,,,,,,,,,,,,,,,,,
263,Equilateral Triangle,CenterX,465.306,CenterY,381.481,Side Length,31.4729,Orienation,4.86366,,,,,,,,,,,,,,,,,,,,,,,,,,,,,,,,,,,,,,,,,,,,,,,,,,,,,,,,,,,,,,,,,,,,,,,,,,,,
264,Polygon,X0,477.594,Y0,66.3182,X1,230.059,Y1,323.992,X2,38.6906,Y2,440.803,X3,216.954,Y3,221.472,X4,464.649,Y4,161.35,X5,61.5288,Y5,417.431,X6,408.259,Y6,87.1613,X7,390.259,Y7,91.987,X8,283.153,Y8,376.966,X9,475.867,Y9,179.145,X10,484.691,Y10,108.111,X11,252.528,Y11,448.689,X12,394.407,Y12,305.677,X13,165.316,Y13,106.594,X14,289.814,Y14,360.089,X15,415.959,Y15,461.59,X16,12.7745,Y16,100.573,X17,3.3464,Y17,172.436,X18,250.588,Y18,389.627,X19,57.5284,Y19,361.67,,,,
265,Ellipse,CenterX,450.787,CenterY,395.875,R1,16.6121,R2,49.9911,Orienation,6.1256,,,,,,,,,,,,,,,,,,,,,,,,,,,,,,,,,,,,,,,,,,,,,,,,,,,,,,,,,,,,,,,,,,,,,,,,,,
266,Circle,CenterX,5.47822,CenterY,336.395,Radius,97.2125,,,,,,,,,,,,,,,,,,,,,,,,,,,,,,,,,,,,,,,,,,,,,,,,,,,,,,,,,,,,,,,,,,,,,,,,,,,,,,
267,Ellipse,CenterX,412.336,CenterY,15.5738,R1,19.9459,R2,4.01817,Orienation,3.64817,,,,,,,,,,,,,,,,,,,,,,,,,,,,,,,,,,,,,,,,,,,,,,,,,,,,,,,,,,,,,,,,,,,,,,,,,,
268,Square,CenterX,435.564,CenterY,441.33,Side Length,59.4129,Orienation,5.67892,,,,,,,,,,,,,,,,,,,,,,,,,,,,,,,,,,,,,,,,,,,,,,,,,,,,,,,,,,,,,,,,,,,,,,,,,,,,
269,Ellipse,CenterX,222.983,CenterY,289.368,R1,15.419,R2,37.2525,Orienation,3.58948,,,,,,,,,,,,,,,,,,,,,,,,,,,,,,,,,,,,,,,,,,,,,,,,,,,,,,,,,,,,,,,,,,,,,,,,,,
270,Circle,CenterX,6.1461,CenterY,38.7947,Radius,31.2261,,,,,,,,,,,,,,,,,,,,,,,,,,,,,,,,,,,,,,,,,,,,,,,,,,,,,,,,,,,,,,,,,,,,,,,,,,,,,,
271,Square,CenterX,295.323,CenterY,402.496,Side Length,76.9088,Orienation,5.98714,,,,,,,,,,,,,,,,,,,,,,,,,,,,,,,,,,,,,,,,,,,,,,,,,,,,,,,,,,,,,,,,,,,,,,,,,,,,
272,Polygon,X0,405.948,Y0,401.525,X1,344.431,Y1,417.638,X2,50.583,Y2,49.8237,X3,139.238,Y3,2.42265,X4,380.413,Y4,3.7243,X5,375.532,Y5,94.3289,X6,205.582,Y6,452.083,X7,196.811,Y7,53.1381,X8,120.31,Y8,476.597,X9,153.553,Y9,151.795,X10,314.52,Y10,281.342,,,,,,,,,,,,,,,,,,,,,,,,,,,,,,,,,,,,,,,,
273,Polygon,X0,393.228,Y0,262.057,X1,128.456,Y1,400.835,X2,490.689,Y2,148.775,X3,480.051,Y3,369.122,X4,23.4488,Y4,22.7502,X5,270.84,Y5,158.969,X6,359.199,Y6,30.276,X7,445.752,Y7,328.073,X8,100.241,Y8,365.827,X9,428.795,Y9,178.088,X10,468.485,Y10,136.083,X11,291.672,Y11,11.6909,X12,461.331,Y12,109.33,X13,234.738,Y13,397.481,X14,195.552,Y14,286.574,X15,228.731,Y15,165.226,X16,189.478,Y16,223.785,X17,244.105,Y17,487.294,X18,353.735,Y18,138.487,,,,,,,,
274,Square,CenterX,181.485,CenterY,300.191,Side Length,58.444,Orienation,2.70412,,,,,,,,,,,,,,,,,,,,,,,,,,,,,,,,,,,,,,,,,,,,,,,,,,,,,,,,,,,,,,,,,,,,,,,,,,,,
275,Equilateral Triangle,CenterX,169.613,CenterY,41.5753,Side Length,52.5699,Orienation,0.0991924,,,,,,,,,,,,,,,,,,,,,,,,,,,,,,,,,,,,,,,,,,,,,,,,,,,,,,,,,,,,,,,,,,,,,,,,,,,,
276,Equilateral Triangle,CenterX,215.205,CenterY,248.289,Side Length,77.337,Orienation,1.70325,,,,,,,,,,,,,,,,,,,,,,,,,,,,,,,,,,,,,,,,,,,,,,,,,,,,,,,,,,,,,,,,,,,,,,,,,,,,
277,Equilateral Triangle,CenterX,190.043,CenterY,11.9062,Side Length,34.4984,Orienation,3.30087,,,,,,,,,,,,,,,,,,,,,,,,,,,,,,,,,,,,,,,,,,,,,,,,,,,,,,,,,,,,,,,,,,,,,,,,,,,,
278,Ellipse,CenterX,431.311,CenterY,209.545,R1,29.4127,R2,26.0712,Orienation,6.11169,,,,,,,,,,,,,,,,,,,,,,,,,,,,,,,,,,,,,,,,,,,,,,,,,,,,,,,,,,,,,,,,,,,,,,,,,,
279,Square,CenterX,238.005,CenterY,463.414,Side Length,54.6665,Orienation,1.5795,,,,,,,,,,,,,,,,,,,,,,,,,,,,,,,,,,,,,,,,,,,,,,,,,,,,,,,,,,,,,,,,,,,,,,,,,,,,
280,Square,CenterX,375.194,CenterY,294.508,Side Length,81.8071,Orienation,2.59024,,,,,,,,,,,,,,,,,,,,,,,,,,,,,,,,,,,,,,,,,,,,,,,,,,,,,,,,,,,,,,,,,,,,,,,,,,,,
281,Circle,CenterX,427.757,CenterY,296.029,Radius,33.1014,,,,,,,,,,,,,,,,,,,,,,,,,,,,,,,,,,,,,,,,,,,,,,,,,,,,,,,,,,,,,,,,,,,,,,,,,,,,,,
282,Equilateral Triangle,CenterX,52.5887,CenterY,150.034,Side Length,89.1368,Orienation,4.66428,,,,,,,,,,,,,,,,,,,,,,,,,,,,,,,,,,,,,,,,,,,,,,,,,,,,,,,,,,,,,,,,,,,,,,,,,,,,
283,Ellipse,CenterX,319.697,CenterY,466.297,R1,47.1737,R2,44.981,Orienation,3.10765,,,,,,,,,,,,,,,,,,,,,,,,,,,,,,,,,,,,,,,,,,,,,,,,,,,,,,,,,,,,,,,,,,,,,,,,,,
284,Polygon,X0,96.6255,Y0,300.776,X1,0.0679029,Y1,38.2808,X2,496.068,Y2,315.144,,,,,,,,,,,,,,,,,,,,,,,,,,,,,,,,,,,,,,,,,,,,,,,,,,,,,,,,,,,,,,,,,,,,,,,,
285,Circle,CenterX,247.876,CenterY,280.726,Radius,77.9269,,,,,,,,,,,,,,,,,,,,,,,,,,,,,,,,,,,,,,,,,,,,,,,,,,,,,,,,,,,,,,,,,,,,,,,,,,,,,,
286,Circle,CenterX,97.8501,CenterY,16.933,Radius,48.1513,,,,,,,,,,,,,,,,,,,,,,,,,,,,,,,,,,,,,,,,,,,,,,,,,,,,,,,,,,,,,,,,,,,,,,,,,,,,,,
287,Polygon,X0,62.3965,Y0,286.863,X1,87.9421,Y1,76.1881,X2,443.393,Y2,451.77,X3,493.7,Y3,146.313,X4,241.187,Y4,116.518,X5,113.7,Y5,39.483,X6,172.18,Y6,109.709,X7,245.191,Y7,278.581,X8,26.1574,Y8,361.47,X9,176.555,Y9,93.4513,X10,177.602,Y10,280.465,X11,404.536,Y11,351.73,X12,413.199,Y12,229.016,X13,25.4046,Y13,361.56,X14,267.295,Y14,218.12,X15,159.676,Y15,22.7142,X16,298.795,Y16,187.976,,,,,,,,,,,,,,,,
288,Ellipse,CenterX,309.556,CenterY,165.423,R1,20.2078,R2,49.8313,Orienation,0.044048,,,,,,,,,,,,,,,,,,,,,,,,,,,,,,,,,,,,,,,,,,,,,,,,,,,,,,,,,,,,,,,,,,,,,,,,,,
289,Square,CenterX,255.157,CenterY,178.85,Side Length,34.3918,Orienation,5.26512,,,,,,,,,,,,,,,,,,,,,,,,,,,,,,,,,,,,,,,,,,,,,,,,,,,,,,,,,,,,,,,,,,,,,,,,,,,,
290,Circle,CenterX,0.268411,CenterY,445.584,Radius,22.3692,,,,,,,,,,,,,,,,,,,,,,,,,,,,,,,,,,,,,,,,,,,,,,,,,,,,,,,,,,,,,,,,,,,,,,,,,,,,,,
291,Equilateral Triangle,CenterX,224.31,CenterY,405.933,Side Length,91.8685,Orienation,4.23314,,,,,,,,,,,,,,,,,,,,,,,,,,,,,,,,,,,,,,,,,,,,,,,,,,,,,,,,,,,,,,,,,,,,,,,,,,,,
292,Equilateral Triangle,CenterX,91.702,CenterY,253.349,Side Length,27.6813,Orienation,6.04869,,,,,,,,,,,,,,,,,,,,,,,,,,,,,,,,,,,,,,,,,,,,,,,,,,,,,,,,,,,,,,,,,,,,,,,,,,,,
293,Equilateral Triangle,CenterX,439.193,CenterY,145.861,Side Length,7.5774,Orienation,3.4357,,,,,,,,,,,,,,,,,,,,,,,,,,,,,,,,,,,,,,,,,,,,,,,,,,,,,,,,,,,,,,,,,,,,,,,,,,,,
294,Circle,CenterX,238.71,CenterY,212.68,Radius,15.2691,,,,,,,,,,,,,,,,,,,,,,,,,,,,,,,,,,,,,,,,,,,,,,,,,,,,,,,,,,,,,,,,,,,,,,,,,,,,,,
295,Square,CenterX,452.515,CenterY,30.804,Side Length,37.6068,Orienation,1.22525,,,,,,,,,,,,,,,,,,,,,,,,,,,,,,,,,,,,,,,,,,,,,,,,,,,,,,,,,,,,,,,,,,,,,,,,,,,,
296,Circle,CenterX,39.1138,CenterY,4.25094,Radius,75.5277,,,,,,,,,,,,,,,,,,,,,,,,,,,,,,,,,,,,,,,,,,,,,,,,,,,,,,,,,,,,,,,,,,,,,,,,,,,,,,
297,Equilateral Triangle,CenterX,158.349,CenterY,114.476,Side Length,52.5863,Orienation,2.49062,,,,,,,,,,,,,,,,,,,,,,,,,,,,,,,,,,,,,,,,,,,,,,,,,,,,,,,,,,,,,,,,,,,,,,,,,,,,
298,Polygon,X0,414.234,Y0,392.556,X1,195.236,Y1,135.769,X2,192.085,Y2,418.907,X3,374.452,Y3,305.302,X4,173.654,Y4,447.712,X5,319.526,Y5,226.069,X6,179.643,Y6,407.905,X7,438.157,Y7,346.276,X8,159.743,Y8,11.7481,X9,80.194,Y9,38.2735,X10,235.633,Y10,291.041,X11,321.185,Y11,457.618,X12,14.007,Y12,127.613,X13,403.387,Y13,270.482,X14,400.585,Y14,179.932,X15,376.006,Y15,149.454,X16,366.087,Y16,322.74,X17,447.778,Y17,175.364,,,,,,,,,,,,
299,Circle,CenterX,346.314,CenterY,211.721,Radius,98.1946,,,,,,,,,,,,,,,,,,,,,,,,,,,,,,,,,,,,,,,,,,,,,,,,,,,,,,,,,,,,,,,,,,,,,,,,,,,,,,
300,Circle,CenterX,426.009,CenterY,422.223,Radius,85.8286,,,,,,,,,,,,,,,,,,,,,,,,,,,,,,,,,,,,,,,,,,,,,,,,,,,,,,,,,,,,,,,,,,,,,,,,,,,,,,
301,Polygon,X0,104.482,Y0,64.5418,X1,215.635,Y1,362.68,X2,255.983,Y2,202.968,,,,,,,,,,,,,,,,,,,,,,,,,,,,,,,,,,,,,,,,,,,,,,,,,,,,,,,,,,,,,,,,,,,,,,,,
302,Equilateral Triangle,CenterX,407.546,CenterY,122.062,Side Length,9.66115,Orienation,3.30293,,,,,,,,,,,,,,,,,,,,,,,,,,,,,,,,,,,,,,,,,,,,,,,,,,,,,,,,,,,,,,,,,,,,,,,,,,,,
303,Square,CenterX,24.1511,CenterY,379.12,Side Length,19.6571,Orienation,2.12392,,,,,,,,,,,,,,,,,,,,,,,,,,,,,,,,,,,,,,,,,,,,,,,,,,,,,,,,,,,,,,,,,,,,,,,,,,,,
304,Polygon,X0,275.397,Y0,406.822,X1,274.462,Y1,294.149,X2,20.9925,Y2,393.482,X3,110.539,Y3,77.2453,X4,491.801,Y4,15.3693,X5,446.707,Y5,193.531,X6,220.409,Y6,123.738,X7,55.3752,Y7,354.055,X8,493.492,Y8,117.18,X9,130.39,Y9,83.4098,X10,106.894,Y10,190.504,X11,404.196,Y11,118.754,X12,164.281,Y12,143.757,X13,367.18,Y13,287.898,X14,91.0891,Y14,440.215,X15,322.725,Y15,71.2911,,,,,,,,,,,,,,,,,,,,
305,Ellipse,CenterX,337.971,CenterY,408.896,R1,26.9568,R2,36.3872,Orienation,5.43687,,,,,,,,,,,,,,,,,,,,,,,,,,,,,,,,,,,,,,,,,,,,,,,,,,,,,,,,,,,,,,,,,,,,,,,,,,
306,Equilateral Triangle,CenterX,329.01,CenterY,301.936,Side Length,90.256,Orienation,3.0405,,,,,,,,,,,,,,,,,,,,,,,,,,,,,,,,,,,,,,,,,,,,,,,,,,,,,,,,,,,,,,,,,,,,,,,,,,,,
307,Circle,CenterX,378.17,CenterY,106.658,Radius,0.319308,,,,,,,,,,,,,,,,,,,,,,,,,,,,,,,,,,,,,,,,,,,,,,,,,,,,,,,,,,,,,,,,,,,,,,,,,,,,,,
308,Equilateral Triangle,CenterX,235.446,CenterY,385.625,Side Length,50.8795,Orienation,5.37275,,,,,,,,,,,,,,,,,,,,,,,,,,,,,,,,,,,,,,,,,,,,,,,,,,,,,,,,,,,,,,,,,,,,,,,,,,,,
309,Polygon,X0,332.724,Y0,101.187,X1,228.718,Y1,302.979,X2,466.043,Y2,21.5608,X3,456.608,Y3,493.847,X4,64.2509,Y4,475.013,X5,238.273,Y5,438.499,X6,29.9723,Y6,344.724,X7,310.903,Y7,202.478,X8,358.151,Y8,294.322,X9,71.5226,Y9,171.137,X10,205.948,Y10,394.21,X11,323.363,Y11,267.177,X12,498.333,Y12,60.9686,X13,253.194,Y13,52.8788,X14,372.157,Y14,142.034,,,,,,,,,,,,,,,,,,,,,,,,
310,Circle,CenterX,478.031,CenterY,329.88,Radius,96.849,,,,,,,,,,,,,,,,,,,,,,,,,,,,,,,,,,,,,,,,,,,,,,,,,,,,,,,,,,,,,,,,,,,,,,,,,,,,,,
311,Equilateral Triangle,CenterX,172.932,CenterY,224.02,Side Length,59.6572,Orienation,2.91404,,,,,,,,,,,,,,,,,,,,,,,,,,,,,,,,,,,,,,,,,,,,,,,,,,,,,,,,,,,,,,,,,,,,,,,,,,,,
312,Equilateral Triangle,CenterX,421.928,CenterY,166.526,Side Length,64.8075,Orienation,1.88317,,,,,,,,,,,,,,,,,,,,,,,,,,,,,,,,,,,,,,,,,,,,,,,,,,,,,,,,,,,,,,,,,,,,,,,,,,,,
313,Circle,CenterX,423.886,CenterY,248.912,Radius,97.8055,,,,,,,,,,,,,,,,,,,,,,,,,,,,,,,,,,,,,,,,,,,,,,,,,,,,,,,,,,,,,,,,,,,,,,,,,,,,,,
314,Circle,CenterX,344.815,CenterY,463.732,Radius,28.7224,,,,,,,,,,,,,,,,,,,,,,,,,,,,,,,,,,,,,,,,,,,,,,,,,,,,,,,,,,,,,,,,,,,,,,,,,,,,,,
315,Circle,CenterX,282.026,CenterY,309.684,Radius,13.5714,,,,,,,,,,,,,,,,,,,,,,,,,,,,,,,,,,,,,,,,,,,,,,,,,,,,,,,,,,,,,,,,,,,,,,,,,,,,,,
316,Square,CenterX,115.742,CenterY,80.8927,Side Length,10.5401,Orienation,4.80337,,,,,,,,,,,,,,,,,,,,,,,,,,,,,,,,,,,,,,,,,,,,,,,,,,,,,,,,,,,,,,,,,,,,,,,,,,,,
317,Equilateral Triangle,CenterX,147.113,CenterY,26.2288,Side Length,87.5209,Orienation,5.37251,,,,,,,,,,,,,,,,,,,,,,,,,,,,,,,,,,,,,,,,,,,,,,,,,,,,,,,,,,,,,,,,,,,,,,,,,,,,
318,Equilateral Triangle,CenterX,4.20872,CenterY,429.77,Side Length,33.8924,Orienation,2.74597,,,,,,,,,,,,,,,,,,,,,,,,,,,,,,,,,,,,,,,,,,,,,,,,,,,,,,,,,,,,,,,,,,,,,,,,,,,,
319,Circle,CenterX,181.189,CenterY,3.83657,Radius,58.1137,,,,,,,,,,,,,,,,,,,,,,,,,,,,,,,,,,,,,,,,,,,,,,,,,,,,,,,,,,,,,,,,,,,,,,,,,,,,,,
320,Equilateral Triangle,CenterX,349.135,CenterY,119.289,Side Length,87.0449,Orienation,2.89887,,,,,,,,,,,,,,,,,,,,,,,,,,,,,,,,,,,,,,,,,,,,,,,,,,,,,,,,,,,,,,,,,,,,,,,,,,,,
321,Equilateral Triangle,CenterX,371.871,CenterY,425.901,Side Length,8.37024,Orienation,3.13892,,,,,,,,,,,,,,,,,,,,,,,,,,,,,,,,,,,,,,,,,,,,,,,,,,,,,,,,,,,,,,,,,,,,,,,,,,,,
322,Circle,CenterX,89.9472,CenterY,446.175,Radius,86.865,,,,,,,,,,,,,,,,,,,,,,,,,,,,,,,,,,,,,,,,,,,,,,,,,,,,,,,,,,,,,,,,,,,,,,,,,,,,,,
323,Polygon,X0,213.684,Y0,387.712,X1,346.452,Y1,386.249,X2,354.616,Y2,168.705,,,,,,,,,,,,,,,,,,,,,,,,,,,,,,,,,,,,,,,,,,,,,,,,,,,,,,,,,,,,,,,,,,,,,,,,
324,Ellipse,CenterX,226.432,CenterY,121.587,R1,21.8388,R2,16.3463,Orienation,2.72773,,,,,,,,,,,,,,,,,,,,,,,,,,,,,,,,,,,,,,,,,,,,,,,,,,,,,,,,,,,,,,,,,,,,,,,,,,
325,Square,CenterX,81.2819,CenterY,168.407,Side Length,45.5173,Orienation,4.8269,,,,,,,,,,,,,,,,,,,,,,,,,,,,,,,,,,,,,,,,,,,,,,,,,,,,,,,,,,,,,,,,,,,,,,,,,,,,
326,Ellipse,CenterX,78.5704,CenterY,294.888,R1,27.0081,R2,41.6894,Orienation,0.194573,,,,,,,,,,,,,,,,,,,,,,,,,,,,,,,,,,,,,,,,,,,,,,,,,,,,,,,,,,,,,,,,,,,,,,,,,,
327,Ellipse,CenterX,194.087,CenterY,224.408,R1,39.5314,R2,8.03246,Orienation,3.29527,,,,,,,,,,,,,,,,,,,,,,,,,,,,,,,,,,,,,,,,,,,,,,,,,,,,,,,,,,,,,,,,,,,,,,,,,,
328,Equilateral Triangle,CenterX,105.472,CenterY,149.89,Side Length,89.8407,Orienation,2.6627,,,,,,,,,,,,,,,,,,,,,,,,,,,,,,,,,,,,,,,,,,,,,,,,,,,,,,,,,,,,,,,,,,,,,,,,,,,,
329,Ellipse,CenterX,381.2,CenterY,16.4777,R1,33.3464,R2,39.8945,Orienation,1.26776,,,,,,,,,,,,,,,,,,,,,,,,,,,,,,,,,,,,,,,,,,,,,,,,,,,,,,,,,,,,,,,,,,,,,,,,,,
330,Equilateral Triangle,CenterX,188.733,CenterY,314.273,Side Length,73.9445,Orienation,2.64402,,,,,,,,,,,,,,,,,,,,,,,,,,,,,,,,,,,,,,,,,,,,,,,,,,,,,,,,,,,,,,,,,,,,,,,,,,,,
331,Circle,CenterX,320.622,CenterY,465.154,Radius,10.5502,,,,,,,,,,,,,,,,,,,,,,,,,,,,,,,,,,,,,,,,,,,,,,,,,,,,,,,,,,,,,,,,,,,,,,,,,,,,,,
332,Circle,CenterX,331.659,CenterY,283.368,Radius,35.1387,,,,,,,,,,,,,,,,,,,,,,,,,,,,,,,,,,,,,,,,,,,,,,,,,,,,,,,,,,,,,,,,,,,,,,,,,,,,,,
333,Square,CenterX,375.557,CenterY,62.2714,Side Length,24.1703,Orienation,1.41829,,,,,,,,,,,,,,,,,,,,,,,,,,,,,,,,,,,,,,,,,,,,,,,,,,,,,,,,,,,,,,,,,,,,,,,,,,,,
334,Ellipse,CenterX,411.56,CenterY,11.8459,R1,35.9859,R2,41.1075,Orienation,0.252246,,,,,,,,,,,,,,,,,,,,,,,,,,,,,,,,,,,,,,,,,,,,,,,,,,,,,,,,,,,,,,,,,,,,,,,,,,
335,Circle,CenterX,436.039,CenterY,280.421,Radius,11.8122,,,,,,,,,,,,,,,,,,,,,,,,,,,,,,,,,,,,,,,,,,,,,,,,,,,,,,,,,,,,,,,,,,,,,,,,,,,,,,
336,Circle,CenterX,54.9173,CenterY,349.006,Radius,99.6958,,,,,,,,,,,,,,,,,,,,,,,,,,,,,,,,,,,,,,,,,,,,,,,,,,,,,,,,,,,,,,,,,,,,,,,,,,,,,,
337,Equilateral Triangle,CenterX,226.146,CenterY,59.9099,Side Length,6.59515,Orienation,3.10258,,,,,,,,,,,,,,,,,,,,,,,,,,,,,,,,,,,,,,,,,,,,,,,,,,,,,,,,,,,,,,,,,,,,,,,,,,,,
338,Square,CenterX,140.959,CenterY,376.082,Side Length,81.0895,Orienation,0.366312,,,,,,,,,,,,,,,,,,,,,,,,,,,,,,,,,,,,,,,,,,,,,,,,,,,,,,,,,,,,,,,,,,,,,,,,,,,,
339,Circle,CenterX,321.838,CenterY,309.21,Radius,35.8596,,,,,,,,,,,,,,,,,,,,,,,,,,,,,,,,,,,,,,,,,,,,,,,,,,,,,,,,,,,,,,,,,,,,,,,,,,,,,,
340,Circle,CenterX,9.62496,CenterY,405.215,Radius,12.3472,,,,,,,,,,,,,,,,,,,,,,,,,,,,,,,,,,,,,,,,,,,,,,,,,,,,,,,,,,,,,,,,,,,,,,,,,,,,,,
341,Equilateral Triangle,CenterX,22.4557,CenterY,368.571,Side Length,12.2577,Orienation,2.42127,,,,,,,,,,,,,,,,,,,,,,,,,,,,,,,,,,,,,,,,,,,,,,,,,,,,,,,,,,,,,,,,,,,,,,,,,,,,
342,Ellipse,CenterX,375.48,CenterY,323.14,R1,3.52762,R2,22.3032,Orienation,2.89778,,,,,,,,,,,,,,,,,,,,,,,,,,,,,,,,,,,,,,,,,,,,,,,,,,,,,,,,,,,,,,,,,,,,,,,,,,
343,Polygon,X0,443.611,Y0,469.525,X1,14.6958,Y1,147.658,X2,416.398,Y2,272.355,X3,74.539,Y3,331.279,,,,,,,,,,,,,,,,,,,,,,,,,,,,,,,,,,,,,,,,,,,,,,,,,,,,,,,,,,,,,,,,,,,,
344,Equilateral Triangle,CenterX,247.453,CenterY,346.477,Side Length,73.6837,Orienation,1.58711,,,,,,,,,,,,,,,,,,,,,,,,,,,,,,,,,,,,,,,,,,,,,,,,,,,,,,,,,,,,,,,,,,,,,,,,,,,,
345,Ellipse,CenterX,409.204,CenterY,249.344,R1,19.14,R2,1.89097,Orienation,3.44551,,,,,,,,,,,,,,,,,,,,,,,,,,,,,,,,,,,,,,,,,,,,,,,,,,,,,,,,,,,,,,,,,,,,,,,,,,
346,Circle,CenterX,391.823,CenterY,114.532,Radius,10.8901,,,,,,,,,,,,,,,,,,,,,,,,,,,,,,,,,,,,,,,,,,,,,,,,,,,,,,,,,,,,,,,,,,,,,,,,,,,,,,
347,Equilateral Triangle,CenterX,223.609,CenterY,39.3957,Side Length,11.3618,Orienation,6.0494,,,,,,,,,,,,,,,,,,,,,,,,,,,,,,,,,,,,,,,,,,,,,,,,,,,,,,,,,,,,,,,,,,,,,,,,,,,,
348,Polygon,X0,172.876,Y0,422.77,X1,433.579,Y1,398.194,X2,189.121,Y2,283.449,X3,270.638,Y3,71.5737,X4,399.106,Y4,149.341,X5,0.967284,Y5,241.768,X6,182.767,Y6,159.292,X7,116.861,Y7,279.337,X8,424.513,Y8,193.962,,,,,,,,,,,,,,,,,,,,,,,,,,,,,,,,,,,,,,,,,,,,,,,,
349,Circle,CenterX,158.223,CenterY,426.841,Radius,63.4914,,,,,,,,,,,,,,,,,,,,,,,,,,,,,,,,,,,,,,,,,,,,,,,,,,,,,,,,,,,,,,,,,,,,,,,,,,,,,,
350,Square,CenterX,237.318,CenterY,16.3931,Side Length,30.0897,Orienation,3.39598,,,,,,,,,,,,,,,,,,,,,,,,,,,,,,,,,,,,,,,,,,,,,,,,,,,,,,,,,,,,,,,,,,,,,,,,,,,,
351,Equilateral Triangle,CenterX,359.591,CenterY,84.5101,Side Length,60.0129,Orienation,4.04095,,,,,,,,,,,,,,,,,,,,,,,,,,,,,,,,,,,,,,,,,,,,,,,,,,,,,,,,,,,,,,,,,,,,,,,,,,,,
352,Circle,CenterX,4.93287,CenterY,5.61746,Radius,68.2418,,,,,,,,,,,,,,,,,,,,,,,,,,,,,,,,,,,,,,,,,,,,,,,,,,,,,,,,,,,,,,,,,,,,,,,,,,,,,,
353,Equilateral Triangle,CenterX,333.534,CenterY,143.865,Side Length,88.091,Orienation,3.65471,,,,,,,,,,,,,,,,,,,,,,,,,,,,,,,,,,,,,,,,,,,,,,,,,,,,,,,,,,,,,,,,,,,,,,,,,,,,
354,Ellipse,CenterX,414.926,CenterY,218.579,R1,41.1192,R2,23.728,Orienation,0.396612,,,,,,,,,,,,,,,,,,,,,,,,,,,,,,,,,,,,,,,,,,,,,,,,,,,,,,,,,,,,,,,,,,,,,,,,,,
355,Square,CenterX,370.691,CenterY,495.81,Side Length,50.1712,Orienation,4.2682,,,,,,,,,,,,,,,,,,,,,,,,,,,,,,,,,,,,,,,,,,,,,,,,,,,,,,,,,,,,,,,,,,,,,,,,,,,,
356,Equilateral Triangle,CenterX,450.918,CenterY,35.9905,Side Length,88.5742,Orienation,4.01128,,,,,,,,,,,,,,,,,,,,,,,,,,,,,,,,,,,,,,,,,,,,,,,,,,,,,,,,,,,,,,,,,,,,,,,,,,,,
357,Equilateral Triangle,CenterX,291.609,CenterY,217.827,Side Length,5.89545,Orienation,1.2135,,,,,,,,,,,,,,,,,,,,,,,,,,,,,,,,,,,,,,,,,,,,,,,,,,,,,,,,,,,,,,,,,,,,,,,,,,,,
358,Ellipse,CenterX,190.514,CenterY,59.1137,R1,8.46195,R2,33.2123,Orienation,2.38743,,,,,,,,,,,,,,,,,,,,,,,,,,,,,,,,,,,,,,,,,,,,,,,,,,,,,,,,,,,,,,,,,,,,,,,,,,
359,Circle,CenterX,201.388,CenterY,161.391,Radius,85.1641,,,,,,,,,,,,,,,,,,,,,,,,,,,,,,,,,,,,,,,,,,,,,,,,,,,,,,,,,,,,,,,,,,,,,,,,,,,,,,
360,Ellipse,CenterX,74.7429,CenterY,52.3721,R1,5.67381,R2,1.02722,Orienation,1.95634,,,,,,,,,,,,,,,,,,,,,,,,,,,,,,,,,,,,,,,,,,,,,,,,,,,,,,,,,,,,,,,,,,,,,,,,,,
361,Equilateral Triangle,CenterX,258.407,CenterY,212.881,Side Length,64.5544,Orienation,0.856674,,,,,,,,,,,,,,,,,,,,,,,,,,,,,,,,,,,,,,,,,,,,,,,,,,,,,,,,,,,,,,,,,,,,,,,,,,,,
362,Square,CenterX,79.1039,CenterY,490.419,Side Length,60.4169,Orienation,4.20215,,,,,,,,,,,,,,,,,,,,,,,,,,,,,,,,,,,,,,,,,,,,,,,,,,,,,,,,,,,,,,,,,,,,,,,,,,,,
363,Circle,CenterX,27.53,CenterY,177.446,Radius,0.148948,,,,,,,,,,,,,,,,,,,,,,,,,,,,,,,,,,,,,,,,,,,,,,,,,,,,,,,,,,,,,,,,,,,,,,,,,,,,,,
364,Ellipse,CenterX,334.623,CenterY,398.736,R1,20.4155,R2,35.8667,Orienation,4.9995,,,,,,,,,,,,,,,,,,,,,,,,,,,,,,,,,,,,,,,,,,,,,,,,,,,,,,,,,,,,,,,,,,,,,,,,,,
365,Square,CenterX,403.175,CenterY,32.0333,Side Length,60.4321,Orienation,1.80388,,,,,,,,,,,,,,,,,,,,,,,,,,,,,,,,,,,,,,,,,,,,,,,,,,,,,,,,,,,,,,,,,,,,,,,,,,,,
366,Ellipse,CenterX,457.877,CenterY,408.627,R1,25.2053,R2,34.6138,Orienation,3.42597,,,,,,,,,,,,,,,,,,,,,,,,,,,,,,,,,,,,,,,,,,,,,,,,,,,,,,,,,,,,,,,,,,,,,,,,,,
367,Circle,CenterX,300.029,CenterY,67.9336,Radius,2.65759,,,,,,,,,,,,,,,,,,,,,,,,,,,,,,,,,,,,,,,,,,,,,,,,,,,,,,,,,,,,,,,,,,,,,,,,,,,,,,
368,Equilateral Triangle,CenterX,85.6352,CenterY,388.225,Side Length,90.7233,Orienation,1.18442,,,,,,,,,,,,,,,,,,,,,,,,,,,,,,,,,,,,,,,,,,,,,,,,,,,,,,,,,,,,,,,,,,,,,,,,,,,,
369,Equilateral Triangle,CenterX,7.28728,CenterY,341.533,Side Length,45.2421,Orienation,4.07241,,,,,,,,,,,,,,,,,,,,,,,,,,,,,,,,,,,,,,,,,,,,,,,,,,,,,,,,,,,,,,,,,,,,,,,,,,,,
370,Ellipse,CenterX,397.508,CenterY,47.6109,R1,49.1147,R2,45.9823,Orienation,3.8938,,,,,,,,,,,,,,,,,,,,,,,,,,,,,,,,,,,,,,,,,,,,,,,,,,,,,,,,,,,,,,,,,,,,,,,,,,
371,Equilateral Triangle,CenterX,46.5328,CenterY,403.443,Side Length,27.2514,Orienation,2.96597,,,,,,,,,,,,,,,,,,,,,,,,,,,,,,,,,,,,,,,,,,,,,,,,,,,,,,,,,,,,,,,,,,,,,,,,,,,,
372,Square,CenterX,143.565,CenterY,367.06,Side Length,90.5695,Orienation,5.11473,,,,,,,,,,,,,,,,,,,,,,,,,,,,,,,,,,,,,,,,,,,,,,,,,,,,,,,,,,,,,,,,,,,,,,,,,,,,
373,Ellipse,CenterX,183.609,CenterY,441.522,R1,37.1351,R2,42.0561,Orienation,5.27038,,,,,,,,,,,,,,,,,,,,,,,,,,,,,,,,,,,,,,,,,,,,,,,,,,,,,,,,,,,,,,,,,,,,,,,,,,
374,Circle,CenterX,324.479,CenterY,387.059,Radius,60.6174,,,,,,,,,,,,,,,,,,,,,,,,,,,,,,,,,,,,,,,,,,,,,,,,,,,,,,,,,,,,,,,,,,,,,,,,,,,,,,
375,Polygon,X0,310.066,Y0,174.832,X1,386.162,Y1,121.014,X2,127.333,Y2,183.709,X3,317.746,Y3,201.887,X4,168.667,Y4,441.724,,,,,,,,,,,,,,,,,,,,,,,,,,,,,,,,,,,,,,,,,,,,,,,,,,,,,,,,,,,,,,,,
376,Equilateral Triangle,CenterX,69.008,CenterY,298.494,Side Length,33.9364,Orienation,6.15936,,,,,,,,,,,,,,,,,,,,,,,,,,,,,,,,,,,,,,,,,,,,,,,,,,,,,,,,,,,,,,,,,,,,,,,,,,,,
377,Polygon,X0,14.2372,Y0,466.384,X1,236.699,Y1,148.107,X2,163.378,Y2,64.3741,X3,297.292,Y3,451.624,X4,384.679,Y4,331.46,X5,71.0353,Y5,201.072,,,,,,,,,,,,,,,,,,,,,,,,,,,,,,,,,,,,,,,,,,,,,,,,,,,,,,,,,,,,
378,Ellipse,CenterX,395.7,CenterY,462.482,R1,2.13389,R2,1.20177,Orienation,3.30719,,,,,,,,,,,,,,,,,,,,,,,,,,,,,,,,,,,,,,,,,,,,,,,,,,,,,,,,,,,,,,,,,,,,,,,,,,
379,Equilateral Triangle,CenterX,349.89,CenterY,189.32,Side Length,73.8832,Orienation,0.825655,,,,,,,,,,,,,,,,,,,,,,,,,,,,,,,,,,,,,,,,,,,,,,,,,,,,,,,,,,,,,,,,,,,,,,,,,,,,
380,Polygon,X0,445.01,Y0,474.478,X1,201.232,Y1,467.611,X2,114.428,Y2,288.09,X3,125.939,Y3,238.841,X4,323.525,Y4,192.77,X5,453.164,Y5,442.482,X6,448.516,Y6,111.935,X7,117.928,Y7,82.9754,X8,405.878,Y8,20.0493,X9,145.662,Y9,357.264,X10,248.792,Y10,166.955,X11,249.987,Y11,42.1035,X12,452.766,Y12,319.028,X13,306.742,Y13,453.998,X14,451.406,Y14,491.219,X15,145.755,Y15,130.543,X16,475.433,Y16,163.86,X17,49.2393,Y17,331.053,,,,,,,,,,,,
381,Circle,CenterX,30.6615,CenterY,47.1306,Radius,32.2103,,,,,,,,,,,,,,,,,,,,,,,,,,,,,,,,,,,,,,,,,,,,,,,,,,,,,,,,,,,,,,,,,,,,,,,,,,,,,,
382,Ellipse,CenterX,356,CenterY,353.007,R1,21.487,R2,1.81812,Orienation,5.33581,,,,,,,,,,,,,,,,,,,,,,,,,,,,,,,,,,,,,,,,,,,,,,,,,,,,,,,,,,,,,,,,,,,,,,,,,,
383,Square,CenterX,287.462,CenterY,390.799,Side Length,84.6165,Orienation,2.52243,,,,,,,,,,,,,,,,,,,,,,,,,,,,,,,,,,,,,,,,,,,,,,,,,,,,,,,,,,,,,,,,,,,,,,,,,,,,
384,Circle,CenterX,17.3353,CenterY,179.077,Radius,81.6134,,,,,,,,,,,,,,,,,,,,,,,,,,,,,,,,,,,,,,,,,,,,,,,,,,,,,,,,,,,,,,,,,,,,,,,,,,,,,,
385,Equilateral Triangle,CenterX,299.196,CenterY,310.64,Side Length,19.3101,Orienation,3.83902,,,,,,,,,,,,,,,,,,,,,,,,,,,,,,,,,,,,,,,,,,,,,,,,,,,,,,,,,,,,,,,,,,,,,,,,,,,,
386,Ellipse,CenterX,374.605,CenterY,34.5665,R1,20.8372,R2,20.6222,Orienation,2.56965,,,,,,,,,,,,,,,,,,,,,,,,,,,,,,,,,,,,,,,,,,,,,,,,,,,,,,,,,,,,,,,,,,,,,,,,,,
387,Circle,CenterX,312.473,CenterY,235.021,Radius,53.3053,,,,,,,,,,,,,,,,,,,,,,,,,,,,,,,,,,,,,,,,,,,,,,,,,,,,,,,,,,,,,,,,,,,,,,,,,,,,,,
388,Equilateral Triangle,CenterX,66.8473,CenterY,98.2047,Side Length,99.4283,Orienation,2.73206,,,,,,,,,,,,,,,,,,,,,,,,,,,,,,,,,,,,,,,,,,,,,,,,,,,,,,,,,,,,,,,,,,,,,,,,,,,,
389,Ellipse,CenterX,321.89,CenterY,337.567,R1,38.8966,R2,43.493,Orienation,1.4413,,,,,,,,,,,,,,,,,,,,,,,,,,,,,,,,,,,,,,,,,,,,,,,,,,,,,,,,,,,,,,,,,,,,,,,,,,
390,Polygon,X0,209.842,Y0,6.09893,X1,268.816,Y1,370.94,X2,210.158,Y2,46.5981,X3,207.984,Y3,351.657,X4,442.773,Y4,52.7376,X5,231.086,Y5,137.549,,,,,,,,,,,,,,,,,,,,,,,,,,,,,,,,,,,,,,,,,,,,,,,,,,,,,,,,,,,,
391,Circle,CenterX,225.433,CenterY,110.763,Radius,59.6605,,,,,,,,,,,,,,,,,,,,,,,,,,,,,,,,,,,,,,,,,,,,,,,,,,,,,,,,,,,,,,,,,,,,,,,,,,,,,,
392,Equilateral Triangle,CenterX,259.36,CenterY,157.794,Side Length,38.2066,Orienation,1.20002,,,,,,,,,,,,,,,,,,,,,,,,,,,,,,,,,,,,,,,,,,,,,,,,,,,,,,,,,,,,,,,,,,,,,,,,,,,,
393,Equilateral Triangle,CenterX,469.289,CenterY,359.725,Side Length,45.0671,Orienation,6.10181,,,,,,,,,,,,,,,,,,,,,,,,,,,,,,,,,,,,,,,,,,,,,,,,,,,,,,,,,,,,,,,,,,,,,,,,,,,,
394,Ellipse,CenterX,190.213,CenterY,33.4704,R1,21.4066,R2,22.7583,Orienation,5.97657,,,,,,,,,,,,,,,,,,,,,,,,,,,,,,,,,,,,,,,,,,,,,,,,,,,,,,,,,,,,,,,,,,,,,,,,,,
395,Polygon,X0,85.3456,Y0,245.048,X1,431.342,Y1,384.437,X2,152.134,Y2,464.742,X3,409.039,Y3,1.88122,X4,164.78,Y4,418.499,X5,380.443,Y5,140.889,X6,31.0011,Y6,11.5276,X7,189.342,Y7,327.82,,,,,,,,,,,,,,,,,,,,,,,,,,,,,,,,,,,,,,,,,,,,,,,,,,,,
396,Ellipse,CenterX,177.439,CenterY,211.438,R1,45.7528,R2,29.0775,Orienation,1.0599,,,,,,,,,,,,,,,,,,,,,,,,,,,,,,,,,,,,,,,,,,,,,,,,,,,,,,,,,,,,,,,,,,,,,,,,,,
397,Equilateral Triangle,CenterX,354.767,CenterY,30.4866,Side Length,73.8712,Orienation,3.01387,,,,,,,,,,,,,,,,,,,,,,,,,,,,,,,,,,,,,,,,,,,,,,,,,,,,,,,,,,,,,,,,,,,,,,,,,,,,
398,Circle,CenterX,330.742,CenterY,32.2729,Radius,48.8738,,,,,,,,,,,,,,,,,,,,,,,,,,,,,,,,,,,,,,,,,,,,,,,,,,,,,,,,,,,,,,,,,,,,,,,,,,,,,,
399,Polygon,X0,222.061,Y0,264.838,X1,242.322,Y1,344.876,X2,176.211,Y2,434.398,X3,97.6366,Y3,151.695,X4,101.76,Y4,171.418,X5,326.115,Y5,294.349,X6,103.337,Y6,192.555,X7,80.3668,Y7,306.014,X8,339.101,Y8,478.766,X9,181.28,Y9,118.631,X10,480.851,Y10,217.043,X11,230.857,Y11,297.058,X12,411.718,Y12,416.989,,,,,,,,,,,,,,,,,,,,,,,,,,,,,,,,
400,Circle,CenterX,302.673,CenterY,184.752,Radius,32.6689,,,,,,,,,,,,,,,,,,,,,,,,,,,,,,,,,,,,,,,,,,,,,,,,,,,,,,,,,,,,,,,,,,,,,,,,,,,,,,
401,Equilateral Triangle,CenterX,81.984,CenterY,452.213,Side Length,4.18756,Orienation,1.82882,,,,,,,,,,,,,,,,,,,,,,,,,,,,,,,,,,,,,,,,,,,,,,,,,,,,,,,,,,,,,,,,,,,,,,,,,,,,
402,Polygon,X0,172.357,Y0,204.647,X1,48.413,Y1,89.7684,X2,9.15497,Y2,83.197,X3,157.684,Y3,247.632,X4,92.8641,Y4,136.537,X5,268.656,Y5,70.7857,X6,198.958,Y6,354.593,X7,94.5408,Y7,142.481,X8,180.044,Y8,297.061,X9,204.095,Y9,117.509,,,,,,,,,,,,,,,,,,,,,,,,,,,,,,,,,,,,,,,,,,,,
403,Ellipse,CenterX,340.787,CenterY,473.73,R1,32.8224,R2,29.7289,Orienation,2.20496,,,,,,,,,,,,,,,,,,,,,,,,,,,,,,,,,,,,,,,,,,,,,,,,,,,,,,,,,,,,,,,,,,,,,,,,,,
404,Square,CenterX,311.082,CenterY,243.11,Side Length,11.8823,Orienation,3.85902,,,,,,,,,,,,,,,,,,,,,,,,,,,,,,,,,,,,,,,,,,,,,,,,,,,,,,,,,,,,,,,,,,,,,,,,,,,,
405,Circle,CenterX,166.152,CenterY,417.283,Radius,98.9841,,,,,,,,,,,,,,,,,,,,,,,,,,,,,,,,,,,,,,,,,,,,,,,,,,,,,,,,,,,,,,,,,,,,,,,,,,,,,,
406,Equilateral Triangle,CenterX,424.819,CenterY,45.5615,Side Length,29.4302,Orienation,6.26316,,,,,,,,,,,,,,,,,,,,,,,,,,,,,,,,,,,,,,,,,,,,,,,,,,,,,,,,,,,,,,,,,,,,,,,,,,,,
407,Circle,CenterX,475.709,CenterY,383.551,Radius,6.45071,,,,,,,,,,,,,,,,,,,,,,,,,,,,,,,,,,,,,,,,,,,,,,,,,,,,,,,,,,,,,,,,,,,,,,,,,,,,,,
408,Ellipse,CenterX,173.586,CenterY,7.73032,R1,2.42316,R2,36.9364,Orienation,3.30882,,,,,,,,,,,,,,,,,,,,,,,,,,,,,,,,,,,,,,,,,,,,,,,,,,,,,,,,,,,,,,,,,,,,,,,,,,
409,Square,CenterX,219.813,CenterY,117.554,Side Length,96.8189,Orienation,3.51849,,,,,,,,,,,,,,,,,,,,,,,,,,,,,,,,,,,,,,,,,,,,,,,,,,,,,,,,,,,,,,,,,,,,,,,,,,,,
410,Ellipse,CenterX,240.643,CenterY,319.947,R1,32.2116,R2,31.0252,Orienation,4.33581,,,,,,,,,,,,,,,,,,,,,,,,,,,,,,,,,,,,,,,,,,,,,,,,,,,,,,,,,,,,,,,,,,,,,,,,,,
411,Equilateral Triangle,CenterX,3.80016,CenterY,489.073,Side Length,63.9771,Orienation,0.455882,,,,,,,,,,,,,,,,,,,,,,,,,,,,,,,,,,,,,,,,,,,,,,,,,,,,,,,,,,,,,,,,,,,,,,,,,,,,
412,Circle,CenterX,281.364,CenterY,475.231,Radius,94.568,,,,,,,,,,,,,,,,,,,,,,,,,,,,,,,,,,,,,,,,,,,,,,,,,,,,,,,,,,,,,,,,,,,,,,,,,,,,,,
413,Square,CenterX,69.1443,CenterY,444.06,Side Length,98.9162,Orienation,3.88646,,,,,,,,,,,,,,,,,,,,,,,,,,,,,,,,,,,,,,,,,,,,,,,,,,,,,,,,,,,,,,,,,,,,,,,,,,,,
414,Square,CenterX,95.6411,CenterY,266.14,Side Length,46.0468,Orienation,0.966668,,,,,,,,,,,,,,,,,,,,,,,,,,,,,,,,,,,,,,,,,,,,,,,,,,,,,,,,,,,,,,,,,,,,,,,,,,,,
415,Circle,CenterX,298.146,CenterY,456.734,Radius,12.579,,,,,,,,,,,,,,,,,,,,,,,,,,,,,,,,,,,,,,,,,,,,,,,,,,,,,,,,,,,,,,,,,,,,,,,,,,,,,,
416,Equilateral Triangle,CenterX,128.26,CenterY,24.2664,Side Length,8.11753,Orienation,2.07708,,,,,,,,,,,,,,,,,,,,,,,,,,,,,,,,,,,,,,,,,,,,,,,,,,,,,,,,,,,,,,,,,,,,,,,,,,,,
417,Circle,CenterX,392.98,CenterY,454.699,Radius,54.6409,,,,,,,,,,,,,,,,,,,,,,,,,,,,,,,,,,,,,,,,,,,,,,,,,,,,,,,,,,,,,,,,,,,,,,,,,,,,,,
418,Square,CenterX,109.371,CenterY,444.18,Side Length,49.7618,Orienation,6.26964,,,,,,,,,,,,,,,,,,,,,,,,,,,,,,,,,,,,,,,,,,,,,,,,,,,,,,,,,,,,,,,,,,,,,,,,,,,,
419,Square,CenterX,123.136,CenterY,319.675,Side Length,68.7944,Orienation,2.23881,,,,,,,,,,,,,,,,,,,,,,,,,,,,,,,,,,,,,,,,,,,,,,,,,,,,,,,,,,,,,,,,,,,,,,,,,,,,
420,Equilateral Triangle,CenterX,72.3967,CenterY,98.5674,Side Length,37.4748,Orienation,3.74523,,,,,,,,,,,,,,,,,,,,,,,,,,,,,,,,,,,,,,,,,,,,,,,,,,,,,,,,,,,,,,,,,,,,,,,,,,,,
421,Circle,CenterX,464.487,CenterY,57.0412,Radius,3.43766,,,,,,,,,,,,,,,,,,,,,,,,,,,,,,,,,,,,,,,,,,,,,,,,,,,,,,,,,,,,,,,,,,,,,,,,,,,,,,
422,Polygon,X0,158.765,Y0,305.911,X1,103.924,Y1,232.658,,,,,,,,,,,,,,,,,,,,,,,,,,,,,,,,,,,,,,,,,,,,,,,,,,,,,,,,,,,,,,,,,,,,,,,,,,,,
423,Equilateral Triangle,CenterX,199.152,CenterY,204.228,Side Length,77.5859,Orienation,2.85768,,,,,,,,,,,,,,,,,,,,,,,,,,,,,,,,,,,,,,,,,,,,,,,,,,,,,,,,,,,,,,,,,,,,,,,,,,,,
424,Equilateral Triangle,CenterX,159.368,CenterY,474.061,Side Length,23.2713,Orienation,5.38404,,,,,,,,,,,,,,,,,,,,,,,,,,,,,,,,,,,,,,,,,,,,,,,,,,,,,,,,,,,,,,,,,,,,,,,,,,,,
425,Circle,CenterX,87.3957,CenterY,386.948,Radius,14.3041,,,,,,,,,,,,,,,,,,,,,,,,,,,,,,,,,,,,,,,,,,,,,,,,,,,,,,,,,,,,,,,,,,,,,,,,,,,,,,
426,Equilateral Triangle,CenterX,229.985,CenterY,461.708,Side Length,48.1337,Orienation,3.16102,,,,,,,,,,,,,,,,,,,,,,,,,,,,,,,,,,,,,,,,,,,,,,,,,,,,,,,,,,,,,,,,,,,,,,,,,,,,
427,Circle,CenterX,206.536,CenterY,117.299,Radius,3.4907,,,,,,,,,,,,,,,,,,,,,,,,,,,,,,,,,,,,,,,,,,,,,,,,,,,,,,,,,,,,,,,,,,,,,,,,,,,,,,
428,Ellipse,CenterX,283.682,CenterY,321.106,R1,14.997,R2,31.8718,Orienation,5.33846,,,,,,,,,,,,,,,,,,,,,,,,,,,,,,,,,,,,,,,,,,,,,,,,,,,,,,,,,,,,,,,,,,,,,,,,,,
429,Ellipse,CenterX,315.897,CenterY,182.809,R1,34.2016,R2,0.257021,Orienation,5.02309,,,,,,,,,,,,,,,,,,,,,,,,,,,,,,,,,,,,,,,,,,,,,,,,,,,,,,,,,,,,,,,,,,,,,,,,,,
430,Circle,CenterX,255.718,CenterY,354.989,Radius,18.2316,,,,,,,,,,,,,,,,,,,,,,,,,,,,,,,,,,,,,,,,,,,,,,,,,,,,,,,,,,,,,,,,,,,,,,,,,,,,,,
431,Polygon,X0,172.167,Y0,411.133,X1,417.657,Y1,46.8947,X2,31.8866,Y2,251.661,X3,180.824,Y3,10.3223,X4,15.0746,Y4,3.40875,X5,416.19,Y5,135.686,X6,368.934,Y6,409.803,X7,156.631,Y7,57.1917,X8,107.023,Y8,394.609,X9,188.075,Y9,95.8036,,,,,,,,,,,,,,,,,,,,,,,,,,,,,,,,,,,,,,,,,,,,
432,Equilateral Triangle,CenterX,195.292,CenterY,20.678,Side Length,2.46925,Orienation,0.865609,,,,,,,,,,,,,,,,,,,,,,,,,,,,,,,,,,,,,,,,,,,,,,,,,,,,,,,,,,,,,,,,,,,,,,,,,,,,
433,Polygon,X0,129.177,Y0,228.764,X1,451.842,Y1,487.699,X2,228.447,Y2,150.238,X3,310.542,Y3,61.0604,X4,367.48,Y4,30.9244,X5,225.152,Y5,112.761,X6,361.898,Y6,70.627,X7,357.837,Y7,409.578,X8,350.182,Y8,79.8807,X9,442.656,Y9,103.989,X10,264.244,Y10,298.87,X11,49.5246,Y11,71.815,,,,,,,,,,,,,,,,,,,,,,,,,,,,,,,,,,,,
434,Square,CenterX,355.275,CenterY,393.025,Side Length,58.8237,Orienation,3.02472,,,,,,,,,,,,,,,,,,,,,,,,,,,,,,,,,,,,,,,,,,,,,,,,,,,,,,,,,,,,,,,,,,,,,,,,,,,,
435,Polygon,X0,65.0248,Y0,228.676,X1,285.93,Y1,252.444,X2,380.296,Y2,71.0783,X3,15.399,Y3,441.051,X4,327.777,Y4,327.9,X5,412.646,Y5,115.171,,,,,,,,,,,,,,,,,,,,,,,,,,,,,,,,,,,,,,,,,,,,,,,,,,,,,,,,,,,,
436,Circle,CenterX,406.61,CenterY,151.38,Radius,34.1981,,,,,,,,,,,,,,,,,,,,,,,,,,,,,,,,,,,,,,,,,,,,,,,,,,,,,,,,,,,,,,,,,,,,,,,,,,,,,,
437,Circle,CenterX,166.913,CenterY,133.134,Radius,89.3675,,,,,,,,,,,,,,,,,,,,,,,,,,,,,,,,,,,,,,,,,,,,,,,,,,,,,,,,,,,,,,,,,,,,,,,,,,,,,,
438,Circle,CenterX,309.511,CenterY,25.7665,Radius,25.8029,,,,,,,,,,,,,,,,,,,,,,,,,,,,,,,,,,,,,,,,,,,,,,,,,,,,,,,,,,,,,,,,,,,,,,,,,,,,,,
439,Ellipse,CenterX,11.2722,CenterY,16.2175,R1,21.7677,R2,27.5454,Orienation,1.25694,,,,,,,,,,,,,,,,,,,,,,,,,,,,,,,,,,,,,,,,,,,,,,,,,,,,,,,,,,,,,,,,,,,,,,,,,,
440,Ellipse,CenterX,202.569,CenterY,206.695,R1,3.45138,R2,48.9294,Orienation,2.99359,,,,,,,,,,,,,,,,,,,,,,,,,,,,,,,,,,,,,,,,,,,,,,,,,,,,,,,,,,,,,,,,,,,,,,,,,,
441,Polygon,X0,259.661,Y0,131.07,X1,465.805,Y1,299.199,X2,430.854,Y2,308.897,X3,94.6509,Y3,271.905,X4,242.207,Y4,426.181,X5,40.0097,Y5,290.666,X6,204.408,Y6,404.944,X7,85.9009,Y7,134.081,X8,452.471,Y8,178.628,X9,190.465,Y9,263.038,X10,44.5369,Y10,18.3307,X11,335.011,Y11,497.135,X12,194.147,Y12,268.802,X13,153.609,Y13,60.7378,X14,328.731,Y14,379.433,X15,153.19,Y15,446.253,X16,197.709,Y16,437.912,X17,311.137,Y17,379.917,X18,407.532,Y18,345.476,X19,429.8,Y19,335.938,X20,375.405,Y20,387.894
442,Equilateral Triangle,CenterX,365.862,CenterY,344.945,Side Length,3.36858,Orienation,3.06603,,,,,,,,,,,,,,,,,,,,,,,,,,,,,,,,,,,,,,,,,,,,,,,,,,,,,,,,,,,,,,,,,,,,,,,,,,,,
443,Ellipse,CenterX,89.1987,CenterY,224.104,R1,15.5862,R2,32.7931,Orienation,2.17616,,,,,,,,,,,,,,,,,,,,,,,,,,,,,,,,,,,,,,,,,,,,,,,,,,,,,,,,,,,,,,,,,,,,,,,,,,
444,Equilateral Triangle,CenterX,468.927,CenterY,396.821,Side Length,2.18511,Orienation,4.43575,,,,,,,,,,,,,,,,,,,,,,,,,,,,,,,,,,,,,,,,,,,,,,,,,,,,,,,,,,,,,,,,,,,,,,,,,,,,
445,Equilateral Triangle,CenterX,17.3864,CenterY,9.41233,Side Length,22.5983,Orienation,3.39057,,,,,,,,,,,,,,,,,,,,,,,,,,,,,,,,,,,,,,,,,,,,,,,,,,,,,,,,,,,,,,,,,,,,,,,,,,,,
446,Equilateral Triangle,CenterX,460.957,CenterY,394.145,Side Length,29.4883,Orienation,2.55359,,,,,,,,,,,,,,,,,,,,,,,,,,,,,,,,,,,,,,,,,,,,,,,,,,,,,,,,,,,,,,,,,,,,,,,,,,,,
447,Circle,CenterX,348.299,CenterY,225.726,Radius,64.9001,,,,,,,,,,,,,,,,,,,,,,,,,,,,,,,,,,,,,,,,,,,,,,,,,,,,,,,,,,,,,,,,,,,,,,,,,,,,,,
448,Circle,CenterX,452.986,CenterY,299.573,Radius,52.3614,,,,,,,,,,,,,,,,,,,,,,,,,,,,,,,,,,,,,,,,,,,,,,,,,,,,,,,,,,,,,,,,,,,,,,,,,,,,,,
449,Square,CenterX,189.447,CenterY,335.242,Side Length,18.9011,Orienation,4.52435,,,,,,,,,,,,,,,,,,,,,,,,,,,,,,,,,,,,,,,,,,,,,,,,,,,,,,,,,,,,,,,,,,,,,,,,,,,,
450,Polygon,X0,218.584,Y0,111.289,X1,45.4854,Y1,421.21,X2,331.583,Y2,333.027,X3,483.269,Y3,211.001,X4,355.849,Y4,55.0378,X5,286.213,Y5,46.7588,X6,1.01006,Y6,373.456,X7,60.889,Y7,310.672,X8,218.399,Y8,302.167,X9,148.772,Y9,387.801,X10,407.214,Y10,472.363,X11,22.2163,Y11,140.368,X12,474.076,Y12,51.3114,X13,72.8037,Y13,233.592,X14,242.957,Y14,17.0796,X15,477.509,Y15,331.746,X16,55.3479,Y16,280.477,,,,,,,,,,,,,,,,
451,Equilateral Triangle,CenterX,331.06,CenterY,28.5433,Side Length,25.1732,Orienation,3.00556,,,,,,,,,,,,,,,,,,,,,,,,,,,,,,,,,,,,,,,,,,,,,,,,,,,,,,,,,,,,,,,,,,,,,,,,,,,,
452,Polygon,X0,339.612,Y0,22.3416,X1,457.29,Y1,91.7366,X2,125.968,Y2,163.651,X3,406.093,Y3,201.82,X4,289.43,Y4,230.067,X5,464.265,Y5,342.129,X6,61.9085,Y6,90.529,X7,329.066,Y7,98.9293,X8,62.785,Y8,237.234,X9,295.857,Y9,481.433,,,,,,,,,,,,,,,,,,,,,,,,,,,,,,,,,,,,,,,,,,,,
453,Polygon,X0,185.49,Y0,251.055,X1,70.5418,Y1,301.883,X2,428.519,Y2,94.8602,X3,2.41895,Y3,204.606,X4,105.628,Y4,225.583,X5,482.254,Y5,300.572,X6,273.624,Y6,53.2166,,,,,,,,,,,,,,,,,,,,,,,,,,,,,,,,,,,,,,,,,,,,,,,,,,,,,,,,
454,Square,CenterX,161.431,CenterY,98.5071,Side Length,94.7553,Orienation,3.99176,,,,,,,,,,,,,,,,,,,,,,,,,,,,,,,,,,,,,,,,,,,,,,,,,,,,,,,,,,,,,,,,,,,,,,,,,,,,
455,Ellipse,CenterX,186.125,CenterY,413.397,R1,35.3634,R2,41.2107,Orienation,2.29673,,,,,,,,,,,,,,,,,,,,,,,,,,,,,,,,,,,,,,,,,,,,,,,,,,,,,,,,,,,,,,,,,,,,,,,,,,
456,Equilateral Triangle,CenterX,407.556,CenterY,8.36622,Side Length,29.5411,Orienation,1.14868,,,,,,,,,,,,,,,,,,,,,,,,,,,,,,,,,,,,,,,,,,,,,,,,,,,,,,,,,,,,,,,,,,,,,,,,,,,,
457,Square,CenterX,390.865,CenterY,187.623,Side Length,84.476,Orienation,0.198434,,,,,,,,,,,,,,,,,,,,,,,,,,,,,,,,,,,,,,,,,,,,,,,,,,,,,,,,,,,,,,,,,,,,,,,,,,,,
458,Equilateral Triangle,CenterX,188.215,CenterY,119.734,Side Length,3.78103,Orienation,3.93443,,,,,,,,,,,,,,,,,,,,,,,,,,,,,,,,,,,,,,,,,,,,,,,,,,,,,,,,,,,,,,,,,,,,,,,,,,,,
459,Ellipse,CenterX,67.7005,CenterY,198.918,R1,12.2789,R2,10.0343,Orienation,4.0513,,,,,,,,,,,,,,,,,,,,,,,,,,,,,,,,,,,,,,,,,,,,,,,,,,,,,,,,,,,,,,,,,,,,,,,,,,
460,Equilateral Triangle,CenterX,475.541,CenterY,22.4426,Side Length,45.5067,Orienation,2.55846,,,,,,,,,,,,,,,,,,,,,,,,,,,,,,,,,,,,,,,,,,,,,,,,,,,,,,,,,,,,,,,,,,,,,,,,,,,,
461,Ellipse,CenterX,125.517,CenterY,305.124,R1,31.2102,R2,16.2076,Orienation,1.20164,,,,,,,,,,,,,,,,,,,,,,,,,,,,,,,,,,,,,,,,,,,,,,,,,,,,,,,,,,,,,,,,,,,,,,,,,,
462,Equilateral Triangle,CenterX,111.057,CenterY,398.736,Side Length,37.6383,Orienation,5.44713,,,,,,,,,,,,,,,,,,,,,,,,,,,,,,,,,,,,,,,,,,,,,,,,,,,,,,,,,,,,,,,,,,,,,,,,,,,,
463,Circle,CenterX,334.093,CenterY,496.654,Radius,15.036,,,,,,,,,,,,,,,,,,,,,,,,,,,,,,,,,,,,,,,,,,,,,,,,,,,,,,,,,,,,,,,,,,,,,,,,,,,,,,
464,Ellipse,CenterX,471.5,CenterY,50.5441,R1,27.6073,R2,3.6599,Orienation,1.72486,,,,,,,,,,,,,,,,,,,,,,,,,,,,,,,,,,,,,,,,,,,,,,,,,,,,,,,,,,,,,,,,,,,,,,,,,,
465,Ellipse,CenterX,369.433,CenterY,273.483,R1,48.562,R2,6.7071,Orienation,2.48879,,,,,,,,,,,,,,,,,,,,,,,,,,,,,,,,,,,,,,,,,,,,,,,,,,,,,,,,,,,,,,,,,,,,,,,,,,
466,Polygon,X0,394.383,Y0,335.997,X1,179.543,Y1,446.84,X2,335.453,Y2,377.525,X3,339.309,Y3,297.75,X4,131.222,Y4,488.678,X5,12.3694,Y5,497.886,X6,175.831,Y6,304.309,X7,145.345,Y7,426.53,X8,426.45,Y8,51.9703,X9,132.268,Y9,486.634,X10,151.641,Y10,28.1877,X11,269.027,Y11,436.067,X12,396.901,Y12,387.506,,,,,,,,,,,,,,,,,,,,,,,,,,,,,,,,
467,Polygon,X0,64.3229,Y0,292.168,X1,48.5213,Y1,418.279,X2,99.0004,Y2,335.379,X3,346.581,Y3,226.919,X4,376.676,Y4,170.806,X5,412.759,Y5,195.544,X6,56.3315,Y6,125.59,X7,205.324,Y7,103.124,X8,58.5433,Y8,133.327,X9,192.071,Y9,123.305,X10,479.452,Y10,104.73,X11,422.79,Y11,181.066,X12,170.248,Y12,172.375,X13,184.812,Y13,87.8083,X14,328.769,Y14,121.059,X15,424.576,Y15,43.391,X16,259.716,Y16,481.267,,,,,,,,,,,,,,,,
468,Equilateral Triangle,CenterX,402.16,CenterY,47.3906,Side Length,95.3105,Orienation,4.48905,,,,,,,,,,,,,,,,,,,,,,,,,,,,,,,,,,,,,,,,,,,,,,,,,,,,,,,,,,,,,,,,,,,,,,,,,,,,
469,Circle,CenterX,146.547,CenterY,319.167,Radius,47.6831,,,,,,,,,,,,,,,,,,,,,,,,,,,,,,,,,,,,,,,,,,,,,,,,,,,,,,,,,,,,,,,,,,,,,,,,,,,,,,
470,Circle,CenterX,453.028,CenterY,449.171,Radius,67.5664,,,,,,,,,,,,,,,,,,,,,,,,,,,,,,,,,,,,,,,,,,,,,,,,,,,,,,,,,,,,,,,,,,,,,,,,,,,,,,
471,Circle,CenterX,160.704,CenterY,433.348,Radius,21.6148,,,,,,,,,,,,,,,,,,,,,,,,,,,,,,,,,,,,,,,,,,,,,,,,,,,,,,,,,,,,,,,,,,,,,,,,,,,,,,
472,Square,CenterX,72.7428,CenterY,409.157,Side Length,17.9734,Orienation,2.72222,,,,,,,,,,,,,,,,,,,,,,,,,,,,,,,,,,,,,,,,,,,,,,,,,,,,,,,,,,,,,,,,,,,,,,,,,,,,
473,Ellipse,CenterX,347.169,CenterY,164.369,R1,33.5994,R2,6.462,Orienation,5.61465,,,,,,,,,,,,,,,,,,,,,,,,,,,,,,,,,,,,,,,,,,,,,,,,,,,,,,,,,,,,,,,,,,,,,,,,,,
474,Square,CenterX,336.092,CenterY,490.878,Side Length,99.3914,Orienation,3.19354,,,,,,,,,,,,,,,,,,,,,,,,,,,,,,,,,,,,,,,,,,,,,,,,,,,,,,,,,,,,,,,,,,,,,,,,,,,,
475,Equilateral Triangle,CenterX,302.251,CenterY,439.464,Side Length,5.03538,Orienation,3.74285,,,,,,,,,,,,,,,,,,,,,,,,,,,,,,,,,,,,,,,,,,,,,,,,,,,,,,,,,,,,,,,,,,,,,,,,,,,,
476,Equilateral Triangle,CenterX,454.429,CenterY,416.718,Side Length,92.9502,Orienation,0.327137,,,,,,,,,,,,,,,,,,,,,,,,,,,,,,,,,,,,,,,,,,,,,,,,,,,,,,,,,,,,,,,,,,,,,,,,,,,,
477,Equilateral Triangle,CenterX,358.235,CenterY,179.34,Side Length,27.8555,Orienation,5.35739,,,,,,,,,,,,,,,,,,,,,,,,,,,,,,,,,,,,,,,,,,,,,,,,,,,,,,,,,,,,,,,,,,,,,,,,,,,,
478,Ellipse,CenterX,37.0023,CenterY,191.01,R1,20.7518,R2,41.2802,Orienation,3.44396,,,,,,,,,,,,,,,,,,,,,,,,,,,,,,,,,,,,,,,,,,,,,,,,,,,,,,,,,,,,,,,,,,,,,,,,,,
479,Equilateral Triangle,CenterX,203.9,CenterY,169.903,Side Length,28.3635,Orienation,3.41281,,,,,,,,,,,,,,,,,,,,,,,,,,,,,,,,,,,,,,,,,,,,,,,,,,,,,,,,,,,,,,,,,,,,,,,,,,,,
480,Equilateral Triangle,CenterX,334.343,CenterY,26.8781,Side Length,61.5846,Orienation,2.4173,,,,,,,,,,,,,,,,,,,,,,,,,,,,,,,,,,,,,,,,,,,,,,,,,,,,,,,,,,,,,,,,,,,,,,,,,,,,
481,Circle,CenterX,46.3173,CenterY,94.4548,Radius,54.4057,,,,,,,,,,,,,,,,,,,,,,,,,,,,,,,,,,,,,,,,,,,,,,,,,,,,,,,,,,,,,,,,,,,,,,,,,,,,,,
482,Circle,CenterX,359.689,CenterY,303.678,Radius,24.7264,,,,,,,,,,,,,,,,,,,,,,,,,,,,,,,,,,,,,,,,,,,,,,,,,,,,,,,,,,,,,,,,,,,,,,,,,,,,,,
483,Square,CenterX,262.521,CenterY,410.337,Side Length,47.3798,Orienation,5.43506,,,,,,,,,,,,,,,,,,,,,,,,,,,,,,,,,,,,,,,,,,,,,,,,,,,,,,,,,,,,,,,,,,,,,,,,,,,,
484,Equilateral Triangle,CenterX,203.989,CenterY,44.3819,Side Length,30.3894,Orienation,3.9863,,,,,,,,,,,,,,,,,,,,,,,,,,,,,,,,,,,,,,,,,,,,,,,,,,,,,,,,,,,,,,,,,,,,,,,,,,,,
485,Equilateral Triangle,CenterX,177.493,CenterY,327.396,Side Length,13.7449,Orienation,0.570103,,,,,,,,,,,,,,,,,,,,,,,,,,,,,,,,,,,,,,,,,,,,,,,,,,,,,,,,,,,,,,,,,,,,,,,,,,,,
486,Ellipse,CenterX,180.935,CenterY,307.703,R1,46.3471,R2,39.5658,Orienation,3.44556,,,,,,,,,,,,,,,,,,,,,,,,,,,,,,,,,,,,,,,,,,,,,,,,,,,,,,,,,,,,,,,,,,,,,,,,,,
487,Ellipse,CenterX,371.07,CenterY,262.08,R1,22.5338,R2,13.68,Orienation,3.29729,,,,,,,,,,,,,,,,,,,,,,,,,,,,,,,,,,,,,,,,,,,,,,,,,,,,,,,,,,,,,,,,,,,,,,,,,,
488,Circle,CenterX,79.0836,CenterY,80.9034,Radius,12.0477,,,,,,,,,,,,,,,,,,,,,,,,,,,,,,,,,,,,,,,,,,,,,,,,,,,,,,,,,,,,,,,,,,,,,,,,,,,,,,
489,Square,CenterX,129.78,CenterY,313.338,Side Length,88.3707,Orienation,0.508565,,,,,,,,,,,,,,,,,,,,,,,,,,,,,,,,,,,,,,,,,,,,,,,,,,,,,,,,,,,,,,,,,,,,,,,,,,,,
490,Equilateral Triangle,CenterX,306.236,CenterY,452.969,Side Length,32.4317,Orienation,3.16005,,,,,,,,,,,,,,,,,,,,,,,,,,,,,,,,,,,,,,,,,,,,,,,,,,,,,,,,,,,,,,,,,,,,,,,,,,,,
491,Equilateral Triangle,CenterX,482.03,CenterY,135.194,Side Length,73.1977,Orienation,1.72996,,,,,,,,,,,,,,,,,,,,,,,,,,,,,,,,,,,,,,,,,,,,,,,,,,,,,,,,,,,,,,,,,,,,,,,,,,,,
492,Circle,CenterX,462.341,CenterY,367.83,Radius,92.8403,,,,,,,,,,,,,,,,,,,,,,,,,,,,,,,,,,,,,,,,,,,,,,,,,,,,,,,,,,,,,,,,,,,,,,,,,,,,,,
493,Circle,CenterX,206.841,CenterY,473.052,Radius,12.739,,,,,,,,,,,,,,,,,,,,,,,,,,,,,,,,,,,,,,,,,,,,,,,,,,,,,,,,,,,,,,,,,,,,,,,,,,,,,,
494,Square,CenterX,49.0805,CenterY,443.303,Side Length,10.6021,Orienation,2.4534,,,,,,,,,,,,,,,,,,,,,,,,,,,,,,,,,,,,,,,,,,,,,,,,,,,,,,,,,,,,,,,,,,,,,,,,,,,,
495,Square,CenterX,51.8624,CenterY,141.774,Side Length,39.9337,Orienation,0.581203,,,,,,,,,,,,,,,,,,,,,,,,,,,,,,,,,,,,,,,,,,,,,,,,,,,,,,,,,,,,,,,,,,,,,,,,,,,,
496,Equilateral Triangle,CenterX,266.674,CenterY,466.715,Side Length,60.5636,Orienation,0.504207,,,,,,,,,,,,,,,,,,,,,,,,,,,,,,,,,,,,,,,,,,,,,,,,,,,,,,,,,,,,,,,,,,,,,,,,,,,,
497,Circle,CenterX,251.005,CenterY,424.395,Radius,88.0051,,,,,,,,,,,,,,,,,,,,,,,,,,,,,,,,,,,,,,,,,,,,,,,,,,,,,,,,,,,,,,,,,,,,,,,,,,,,,,
498,Ellipse,CenterX,414.485,CenterY,153.014,R1,47.1911,R2,25.9393,Orienation,5.24608,,,,,,,,,,,,,,,,,,,,,,,,,,,,,,,,,,,,,,,,,,,,,,,,,,,,,,,,,,,,,,,,,,,,,,,,,,
499,Polygon,X0,380.752,Y0,460.291,X1,390.448,Y1,186.941,X2,422.714,Y2,213.261,X3,369.56,Y3,338.462,X4,425.914,Y4,218.421,X5,255.557,Y5,188.735,X6,394.096,Y6,458.274,X7,248.718,Y7,316.479,X8,474.23,Y8,394.705,X9,86.4577,Y9,462.303,X10,4.50678,Y10,64.0329,X11,461.244,Y11,403.66,X12,448.481,Y12,56.0825,X13,212.297,Y13,323.97,X14,147.305,Y14,134.322,X15,315.415,Y15,382.164,X16,316.35,Y16,180.95,X17,437.059,Y17,187.161,X18,489.226,Y18,297.781,,,,,,,,
500,Square,CenterX,196.958,CenterY,80.8598,Side Length,5.03891,Orienation,5.58328,,,,,,,,,,,,,,,,,,,,,,,,,,,,,,,,,,,,,,,,,,,,,,,,,,,,,,,,,,,,,,,,,,,,,,,,,,,,
